path	resolve_node	verify_node	conflict_type	status	owner_basis	final_disposition	final_host	acceptance_evidence
AGENTS.md	M08	M08	content	resolved	integration-owned documentation and root configuration; closed by evidence/M08/14.2d-documentation-integration.md	upstream：blob 35b1fa3301e1 = M00 upstream	AGENTS.md	M00/result.json#resolutions[0]; M08/result.json; evidence/M08/14.1-analysis.md row 01; evidence/M08/14.2d-documentation-integration.md; M08 candidate acceptance pending; this path map does not claim runtime acceptance
README.md	M08	M08	content	resolved	integration-owned documentation and root configuration; closed by evidence/M08/14.2d-documentation-integration.md	upstream：blob c3f68564c850 = M00 upstream	README.md	M00/result.json#resolutions[1]; M08/result.json; evidence/M08/14.1-analysis.md row 02; evidence/M08/14.2d-documentation-integration.md; M08 candidate acceptance pending; this path map does not claim runtime acceptance
api/controllers/console/__init__.py	M02	V01	content	resolved	backend foundation, model, feature or workspace contract	manual-merge：blob 1f7d9112ccb6 ≠ upstream 442f620bdbda；末次触及 023d0665586e	api/controllers/console/__init__.py	M00/result.json#resolutions[2]; M02/result.json; evidence/M08/14.1-analysis.md row 03; V01 verification pending; this path map does not claim runtime acceptance
api/controllers/console/apikey.py	M04	V01	content	resolved	billing, API key, service API or execution hooks	manual-merge：blob 35fb1e079faf ≠ upstream 7519d0caa8fa；末次触及 a65840a41a85	api/controllers/console/apikey.py	M00/result.json#resolutions[3]; M04/result.json; M04/handoff.md; evidence/M08/14.1-analysis.md row 04; evidence/M08/14.2a-orphan-cleanup.md; V01 verification pending; this path map does not claim runtime acceptance
api/controllers/console/app/site.py	M03	V01	content	resolved	account, OAuth or WebApp identity and site behavior	manual-merge：blob 1d2176020358 ≠ upstream c1e0636ac0fc；末次触及 c2ec20d3945d；另有 fork 宿主	api/controllers/console/app/site.py; api/services/app_site_service.py	M00/result.json#resolutions[4]; M03/result.json; evidence/M08/14.1-analysis.md row 05; V01 verification pending; this path map does not claim runtime acceptance
api/controllers/console/app/statistic.py	M04	V01	content	resolved	billing, API key, service API or execution hooks	manual-merge：blob 730757270db4 ≠ upstream 195af05e5fa7；末次触及 fcc0b0e7a544	api/controllers/console/app/statistic.py	M00/result.json#resolutions[5]; M04/result.json; M04/handoff.md; evidence/M08/14.1-analysis.md row 06; V01 verification pending; this path map does not claim runtime acceptance
api/controllers/console/app/workflow.py	M04	V01	content	resolved	billing, API key, service API or execution hooks	upstream：blob 34755e98e7c3 = M00 upstream	api/controllers/console/app/workflow.py	M00/result.json#resolutions[6]; M04/result.json; M04/handoff.md; evidence/M08/14.1-analysis.md row 07; V01 verification pending; this path map does not claim runtime acceptance
api/controllers/console/auth/oauth.py	M03	V01	content	resolved	account, OAuth or WebApp identity and site behavior	manual-merge：blob b2ee9f9b0db5 ≠ upstream 5ff5a86c3d55；末次触及 c2ec20d3945d；另有 fork 宿主	api/controllers/console/auth/oauth.py; api/extensions/ext_application_services.py; api/services/account_oauth_service.py	M00/result.json#resolutions[7]; M03/result.json; evidence/M08/14.1-analysis.md row 08; V01 verification pending; this path map does not claim runtime acceptance
api/controllers/console/explore/completion.py	M04	V01	content	resolved	billing, API key, service API or execution hooks	upstream：blob cad51cd04547 = M00 upstream	api/controllers/console/explore/completion.py	M00/result.json#resolutions[8]; M04/result.json; M04/handoff.md; evidence/M08/14.1-analysis.md row 09; V01 verification pending; this path map does not claim runtime acceptance
api/controllers/console/explore/installed_app.py	M04	V01	content	resolved	billing, API key, service API or execution hooks	upstream：blob e1b8295a983b = M00 upstream	api/controllers/console/explore/installed_app.py	M00/result.json#resolutions[9]; M04/result.json; M04/handoff.md; evidence/M08/14.1-analysis.md row 10; V01 verification pending; this path map does not claim runtime acceptance
api/controllers/console/explore/workflow.py	M04	V01	content	resolved	billing, API key, service API or execution hooks	upstream：blob 29e76d814987 = M00 upstream	api/controllers/console/explore/workflow.py	M00/result.json#resolutions[10]; M04/result.json; M04/handoff.md; evidence/M08/14.1-analysis.md row 11; V01 verification pending; this path map does not claim runtime acceptance
api/controllers/console/explore/wraps.py	M04	V01	content	resolved	billing, API key, service API or execution hooks	upstream：blob 872c48538c37 = M00 upstream	api/controllers/console/explore/wraps.py	M00/result.json#resolutions[11]; M04/result.json; M04/handoff.md; evidence/M08/14.1-analysis.md row 12; V01 verification pending; this path map does not claim runtime acceptance
api/controllers/console/feature.py	M02	V01	content	resolved	backend foundation, model, feature or workspace contract	manual-merge：blob fc8a7bdb96c4 ≠ upstream 38e904cd6afd；末次触及 023d0665586e	api/controllers/console/feature.py	M00/result.json#resolutions[12]; M02/result.json; evidence/M08/14.1-analysis.md row 13; V01 verification pending; this path map does not claim runtime acceptance
api/controllers/console/tag/tags.py	M04	V01	content	resolved	billing, API key, service API or execution hooks	upstream：blob 7649ada8741b = M00 upstream	api/controllers/console/tag/tags.py	M00/result.json#resolutions[13]; M04/result.json; M04/handoff.md; evidence/M08/14.1-analysis.md row 14; V01 verification pending; this path map does not claim runtime acceptance
api/controllers/service_api/__init__.py	M04	V01	content	resolved	billing, API key, service API or execution hooks	upstream：blob 5b44247685bf = M00 upstream	api/controllers/service_api/__init__.py	M00/result.json#resolutions[14]; M04/result.json; M04/handoff.md; evidence/M08/14.1-analysis.md row 15; V01 verification pending; this path map does not claim runtime acceptance
api/controllers/service_api/app/annotation.py	M04	V01	content	resolved	billing, API key, service API or execution hooks	upstream：blob 9b477e4e5e6c = M00 upstream	api/controllers/service_api/app/annotation.py	M00/result.json#resolutions[15]; M04/result.json; M04/handoff.md; evidence/M08/14.1-analysis.md row 16; V01 verification pending; this path map does not claim runtime acceptance
api/controllers/service_api/app/app.py	M04	V01	content	resolved	billing, API key, service API or execution hooks	upstream：blob a08752ba2eb6 = M00 upstream	api/controllers/service_api/app/app.py	M00/result.json#resolutions[16]; M04/result.json; M04/handoff.md; evidence/M08/14.1-analysis.md row 17; V01 verification pending; this path map does not claim runtime acceptance
api/controllers/service_api/app/audio.py	M04	V01	content	resolved	billing, API key, service API or execution hooks	upstream：blob 2db10dcf42b9 = M00 upstream	api/controllers/service_api/app/audio.py	M00/result.json#resolutions[17]; M04/result.json; M04/handoff.md; evidence/M08/14.1-analysis.md row 18; V01 verification pending; this path map does not claim runtime acceptance
api/controllers/service_api/app/conversation.py	M04	V01	content	resolved	billing, API key, service API or execution hooks	upstream：blob 124da072be93 = M00 upstream	api/controllers/service_api/app/conversation.py	M00/result.json#resolutions[18]; M04/result.json; M04/handoff.md; evidence/M08/14.1-analysis.md row 19; V01 verification pending; this path map does not claim runtime acceptance
api/controllers/service_api/app/file.py	M04	V01	content	resolved	billing, API key, service API or execution hooks	upstream：blob e4e4a66059f5 = M00 upstream	api/controllers/service_api/app/file.py	M00/result.json#resolutions[19]; M04/result.json; M04/handoff.md; evidence/M08/14.1-analysis.md row 20; V01 verification pending; this path map does not claim runtime acceptance
api/controllers/service_api/app/file_preview.py	M04	V01	content	resolved	billing, API key, service API or execution hooks	upstream：blob 561ede3d1847 = M00 upstream	api/controllers/service_api/app/file_preview.py	M00/result.json#resolutions[20]; M04/result.json; M04/handoff.md; evidence/M08/14.1-analysis.md row 21; V01 verification pending; this path map does not claim runtime acceptance
api/controllers/service_api/app/human_input_form.py	M04	V01	content	resolved	billing, API key, service API or execution hooks	upstream：blob e1533870755a = M00 upstream	api/controllers/service_api/app/human_input_form.py	M00/result.json#resolutions[21]; M04/result.json; M04/handoff.md; evidence/M08/14.1-analysis.md row 22; V01 verification pending; this path map does not claim runtime acceptance
api/controllers/service_api/app/message.py	M04	V01	content	resolved	billing, API key, service API or execution hooks	upstream：blob 63bf87709d9b = M00 upstream	api/controllers/service_api/app/message.py	M00/result.json#resolutions[22]; M04/result.json; M04/handoff.md; evidence/M08/14.1-analysis.md row 23; V01 verification pending; this path map does not claim runtime acceptance
api/controllers/service_api/app/site.py	M04	V01	content	resolved	billing, API key, service API or execution hooks	upstream：blob c6bc0313f8c4 = M00 upstream	api/controllers/service_api/app/site.py	M00/result.json#resolutions[23]; M04/result.json; M04/handoff.md; evidence/M08/14.1-analysis.md row 24; V01 verification pending; this path map does not claim runtime acceptance
api/controllers/service_api/app/workflow_events.py	M04	V01	content	resolved	billing, API key, service API or execution hooks	upstream：blob 2752b62d82cd = M00 upstream	api/controllers/service_api/app/workflow_events.py	M00/result.json#resolutions[24]; M04/result.json; M04/handoff.md; evidence/M08/14.1-analysis.md row 25; V01 verification pending; this path map does not claim runtime acceptance
api/controllers/service_api/wraps.py	M04	V01	content	resolved	billing, API key, service API or execution hooks	manual-merge：blob 3c51e502ac03 ≠ upstream 77201f96f0c6；末次触及 521eb9876151	api/controllers/service_api/wraps.py	M00/result.json#resolutions[25]; M04/result.json; M04/handoff.md; evidence/M08/14.1-analysis.md row 26; evidence/M08/14.2a-orphan-cleanup.md; V01 verification pending; this path map does not claim runtime acceptance
api/controllers/web/login.py	M03	V01	content	resolved	account, OAuth or WebApp identity and site behavior	manual-merge：blob 55687ed4787a ≠ upstream b95178327de8；末次触及 c2ec20d3945d；另有 fork 宿主	api/controllers/web/login.py; api/services/webapp_access_query_service.py; api/services/webapp_auth_service.py	M00/result.json#resolutions[26]; M03/result.json; evidence/M08/14.1-analysis.md row 27; V01 verification pending; this path map does not claim runtime acceptance
api/models/__init__.py	M02	V01	content	resolved	backend foundation, model, feature or workspace contract	manual-merge：blob cb6090493622 ≠ upstream ee32c8a8ee8c；末次触及 e9359f9bfe68	api/models/__init__.py	M00/result.json#resolutions[27]; M02/result.json; evidence/M08/14.1-analysis.md row 28; V01 verification pending; this path map does not claim runtime acceptance
api/models/workflow.py	M02	V01	content	resolved	backend foundation, model, feature or workspace contract	manual-merge：blob 9d1bbb1baa41 ≠ upstream dbc248e5a11c；末次触及 023d0665586e	api/models/workflow.py	M00/result.json#resolutions[28]; M02/result.json; evidence/M08/14.1-analysis.md row 29; V01 verification pending; this path map does not claim runtime acceptance
api/services/account_service.py	M03	V01	content	resolved	account, OAuth or WebApp identity and site behavior	manual-merge：blob 31ab516d0d88 ≠ upstream 81ee3aeb037e；末次触及 c2ec20d3945d；另有 fork 宿主	api/services/account_service.py; api/services/account_initialization_service.py	M00/result.json#resolutions[29]; M03/result.json; evidence/M08/14.1-analysis.md row 30; V01 verification pending; this path map does not claim runtime acceptance
api/services/feature_service.py	M02	V01	content	resolved	backend foundation, model, feature or workspace contract	upstream：blob ee9c896c067a = M00 upstream	api/services/feature_service.py	M00/result.json#resolutions[30]; M02/result.json; evidence/M08/14.1-analysis.md row 31; V01 verification pending; this path map does not claim runtime acceptance
api/services/workspace_service.py	M02	V01	content	resolved	backend foundation, model, feature or workspace contract	manual-merge：blob 7c56581ff9d8 ≠ upstream 9cfd620867a9；末次触及 023d0665586e	api/services/workspace_service.py	M00/result.json#resolutions[31]; M02/result.json; evidence/M08/14.1-analysis.md row 32; V01 verification pending; this path map does not claim runtime acceptance
api/tests/integration_tests/workflow/nodes/code_executor/test_code_javascript.py	M04	V01	modify/delete	resolved	billing, API key, service API or execution hooks	delete; 已迁移等价容器集成测试（14.2b；V01仍需执行）	api/tests/test_containers_integration_tests/workflow/nodes/code_executor/test_code_javascript.py	M00/result.json#resolutions[32]; M04/result.json; M04/handoff.md; evidence/M08/14.1-analysis.md row 33; evidence/M08/14.2b-deleted-path-disposition.md; V01 verification pending; this path map does not claim runtime acceptance
api/tests/unit_tests/controllers/console/explore/test_installed_app.py	M04	V01	content	resolved	billing, API key, service API or execution hooks	upstream：blob e66a461833b0 = M00 upstream	api/tests/unit_tests/controllers/console/explore/test_installed_app.py	M00/result.json#resolutions[33]; M04/result.json; M04/handoff.md; evidence/M08/14.1-analysis.md row 34; V01 verification pending; this path map does not claim runtime acceptance
api/tests/unit_tests/controllers/console/tag/test_tags.py	M04	V01	content	resolved	billing, API key, service API or execution hooks	upstream：blob d40b84bd4dd8 = M00 upstream	api/tests/unit_tests/controllers/console/tag/test_tags.py	M00/result.json#resolutions[34]; M04/result.json; M04/handoff.md; evidence/M08/14.1-analysis.md row 35; V01 verification pending; this path map does not claim runtime acceptance
api/tests/unit_tests/controllers/console/test_apikey.py	M04	V01	content	resolved	billing, API key, service API or execution hooks	manual-merge：blob c47f2276636a ≠ upstream d6ae0d4bd7fb；末次触及 a65840a41a85	api/tests/unit_tests/controllers/console/test_apikey.py	M00/result.json#resolutions[35]; M04/result.json; M04/handoff.md; evidence/M08/14.1-analysis.md row 36; V01 verification pending; this path map does not claim runtime acceptance
api/tests/unit_tests/controllers/console/test_feature.py	M02	V01	content	resolved	backend foundation, model, feature or workspace contract	manual-merge：blob 896c05aa281a ≠ upstream bf5ec1fe354b；末次触及 023d0665586e	api/tests/unit_tests/controllers/console/test_feature.py	M00/result.json#resolutions[36]; M02/result.json; evidence/M08/14.1-analysis.md row 37; V01 verification pending; this path map does not claim runtime acceptance
api/tests/unit_tests/core/app/apps/chat/test_app_generator_and_runner.py	M04	V01	content	resolved	billing, API key, service API or execution hooks	upstream：blob d98c39d92159 = M00 upstream	api/tests/unit_tests/core/app/apps/chat/test_app_generator_and_runner.py	M00/result.json#resolutions[37]; M04/result.json; M04/handoff.md; evidence/M08/14.1-analysis.md row 38; V01 verification pending; this path map does not claim runtime acceptance
api/tests/unit_tests/core/app/workflow/test_persistence_layer.py	M04	V01	content	resolved	billing, API key, service API or execution hooks	manual-merge：blob f46de9b5b2bc ≠ upstream bc67bfc12d56；末次触及 08e130ed1dbe	api/tests/unit_tests/core/app/workflow/test_persistence_layer.py	M00/result.json#resolutions[38]; M04/result.json; M04/handoff.md; evidence/M08/14.1-analysis.md row 39; V01 verification pending; this path map does not claim runtime acceptance
api/tests/unit_tests/services/test_account_service.py	M03	V01	content	resolved	account, OAuth or WebApp identity and site behavior	upstream：blob 75221d81f73c = M00 upstream	api/tests/unit_tests/services/test_account_service.py	M00/result.json#resolutions[39]; M03/result.json; evidence/M08/14.1-analysis.md row 40; V01 verification pending; this path map does not claim runtime acceptance
docker/.env.example	M07	M08	content	resolved	deployment environment or reverse proxy configuration	manual-merge：blob 6b538ad879e1 ≠ upstream 2020a70017e0；末次触及 4048e97aeb00	docker/.env.example	M00/result.json#resolutions[40]; M07/result.json; M07/13.6-current-review.md; evidence/M08/14.1-analysis.md row 41; M08 candidate acceptance pending; this path map does not claim runtime acceptance
docker/envs/core-services/web.env.example	M07	M08	content	resolved	deployment environment or reverse proxy configuration	manual-merge：blob 2f38b15d8b13 ≠ upstream 342e7f08e7f7；末次触及 4048e97aeb00	docker/envs/core-services/web.env.example	M00/result.json#resolutions[41]; M07/result.json; M07/13.6-current-review.md; evidence/M08/14.1-analysis.md row 42; M08 candidate acceptance pending; this path map does not claim runtime acceptance
docker/nginx/conf.d/default.conf.template	M07	M08	content	resolved	deployment environment or reverse proxy configuration	upstream：blob feee1cb7e67b = M00 upstream	docker/nginx/conf.d/default.conf.template	M00/result.json#resolutions[42]; M07/result.json; M07/13.6-current-review.md; evidence/M08/14.1-analysis.md row 43; M08 candidate acceptance pending; this path map does not claim runtime acceptance
oxlint-suppressions.json	M01	M08	content	resolved	toolchain, package, lockfile or build configuration	manual-merge：blob c014bb3767d6 ≠ upstream f58391f65a44；末次触及 44b58afc15f7	oxlint-suppressions.json	M00/result.json#resolutions[43]; M01/result.json; evidence/M08/14.1-analysis.md row 44; M08 candidate acceptance pending; this path map does not claim runtime acceptance
packages/contracts/console.ts	M05	V02	content	pending	Console generated contract aggregation	not-in-original-M00-91-conflict-set	N/A	Additional owner registration; see owner_basis and owning-node evidence
packages/contracts/generated/api/console/login-config-bootstrap/orpc.gen.ts	M05	V02	generated	pending	generated fork login bootstrap route contract	not-in-original-M00-91-conflict-set	N/A	Additional owner registration; see owner_basis and owning-node evidence
packages/contracts/generated/api/console/login-config-bootstrap/types.gen.ts	M05	V02	generated	pending	generated fork login bootstrap DTO	not-in-original-M00-91-conflict-set	N/A	Additional owner registration; see owner_basis and owning-node evidence
packages/contracts/generated/api/console/login-config-bootstrap/zod.gen.ts	M05	V02	generated	pending	generated fork login bootstrap schema	not-in-original-M00-91-conflict-set	N/A	Additional owner registration; see owner_basis and owning-node evidence
packages/contracts/generated/api/console/login-config/orpc.gen.ts	M05	V02	generated	pending	generated fork login configuration route contract	not-in-original-M00-91-conflict-set	N/A	Additional owner registration; see owner_basis and owning-node evidence
packages/contracts/generated/api/console/login-config/types.gen.ts	M05	V02	generated	pending	generated fork login configuration DTO	not-in-original-M00-91-conflict-set	N/A	Additional owner registration; see owner_basis and owning-node evidence
packages/contracts/generated/api/console/login-config/zod.gen.ts	M05	V02	generated	pending	generated fork login configuration schema	not-in-original-M00-91-conflict-set	N/A	Additional owner registration; see owner_basis and owning-node evidence
packages/contracts/generated/api/console/orpc.gen.ts	M05	V02	generated	pending	generated Console segment loader refresh	not-in-original-M00-91-conflict-set	N/A	Additional owner registration; see owner_basis and owning-node evidence
packages/contracts/generated/api/console/router.gen.ts	M05	V02	generated	pending	generated Console router refresh for M02 login configuration operations	not-in-original-M00-91-conflict-set	N/A	Additional owner registration; see owner_basis and owning-node evidence
pnpm-lock.yaml	M01	M08	content	resolved	toolchain, package, lockfile or build configuration	generated：blob edbc9fce4a04 ≠ upstream cb87a344b747；末次触及 d4ecd2f9d0d4	pnpm-lock.yaml	M00/result.json#resolutions[44]; M01/result.json; evidence/M08/14.1-analysis.md row 45; M08 candidate acceptance pending; this path map does not claim runtime acceptance
pnpm-workspace.yaml	M01	M08	content	resolved	toolchain, package, lockfile or build configuration	manual-merge：blob d592a0b7d604 ≠ upstream 81a89430223e；末次触及 44b58afc15f7	pnpm-workspace.yaml	M00/result.json#resolutions[45]; M01/result.json; evidence/M08/14.1-analysis.md row 46; M08 candidate acceptance pending; this path map does not claim runtime acceptance
web/app/(shareLayout)/components/__tests__/authenticated-layout.spec.tsx	M06	V02	content	resolved	frontend business UI, route, WebApp or localization	upstream：blob 8d9dbad76936 = M00 upstream	web/app/(shareLayout)/components/__tests__/authenticated-layout.spec.tsx	M00/result.json#resolutions[46]; M06/result.json; M06/12.6-final-aggregate.md; evidence/M08/14.1-analysis.md row 47; V02 verification pending; this path map does not claim runtime acceptance
web/app/(shareLayout)/components/authenticated-layout.tsx	M06	V02	content	resolved	frontend business UI, route, WebApp or localization	upstream：blob 2f0526725629 = M00 upstream	web/app/(shareLayout)/components/authenticated-layout.tsx	M00/result.json#resolutions[47]; M06/result.json; M06/12.6-final-aggregate.md; evidence/M08/14.1-analysis.md row 48; V02 verification pending; this path map does not claim runtime acceptance
web/app/(shareLayout)/webapp-signin/normalForm.tsx	M06	V02	content	resolved	frontend business UI, route, WebApp or localization	upstream：blob 4232354bb4c4 = M00 upstream	web/app/(shareLayout)/webapp-signin/normalForm.tsx	M00/result.json#resolutions[48]; M06/result.json; M06/12.6-final-aggregate.md; evidence/M08/14.1-analysis.md row 49; V02 verification pending; this path map does not claim runtime acceptance
web/app/(shareLayout)/webapp-signin/page.tsx	M06	V02	content	resolved	frontend business UI, route, WebApp or localization	upstream：blob e0a3dc00994c = M00 upstream	web/app/(shareLayout)/webapp-signin/page.tsx	M00/result.json#resolutions[49]; M06/result.json; M06/12.6-final-aggregate.md; evidence/M08/14.1-analysis.md row 50; V02 verification pending; this path map does not claim runtime acceptance
web/app/components/app/configuration/hooks/use-configuration-utils.ts	M06	V02	modify/delete	resolved	frontend business UI, route, WebApp or localization	delete; 上游 deployment v2 拆分为 lifecycle 实现与测试（14.2b）	web/app/components/app/configuration/hooks/configuration-lifecycle/published-config.ts; web/app/components/app/configuration/hooks/configuration-lifecycle/dataset.ts; web/app/components/app/configuration/hooks/configuration-lifecycle/publish.ts; web/app/components/app/configuration/hooks/configuration-lifecycle/load.ts; web/app/components/app/configuration/hooks/configuration-lifecycle/model.ts; web/app/components/app/configuration/hooks/__tests__/use-configuration-utils.spec.ts	M00/result.json#resolutions[50]; M06/result.json; M06/12.6-final-aggregate.md; evidence/M08/14.1-analysis.md row 51; evidence/M08/14.2b-deleted-path-disposition.md; V02 verification pending; this path map does not claim runtime acceptance
web/app/components/app/configuration/hooks/use-configuration.ts	M06	V02	content	resolved	frontend business UI, route, WebApp or localization	upstream：blob 571bd5830b87 = M00 upstream	web/app/components/app/configuration/hooks/use-configuration.ts	M00/result.json#resolutions[51]; M06/result.json; M06/12.6-final-aggregate.md; evidence/M08/14.1-analysis.md row 52; V02 verification pending; this path map does not claim runtime acceptance
web/app/components/app/overview/__tests__/app-card.spec.tsx	M06	V02	modify/delete	resolved	frontend business UI, route, WebApp or localization	delete; WebApp 卡片测试迁入 Access Point 宿主（14.2b）	web/app/components/app/access-point/built-in-access-points/web-app-card.tsx; web/app/components/app/access-point/__tests__/web-app-card.spec.tsx	M00/result.json#resolutions[52]; M06/result.json; M06/12.6-final-aggregate.md; evidence/M08/14.1-analysis.md row 53; evidence/M08/14.2b-deleted-path-disposition.md; V02 verification pending; this path map does not claim runtime acceptance
web/app/components/app/overview/app-card-sections.tsx	M06	V02	modify/delete	resolved	frontend business UI, route, WebApp or localization	delete; WebApp 行为迁入 Access Point，概览旧宿主退役（14.2b）	web/app/components/app/access-point/built-in-access-points/web-app-card.tsx; web/app/components/app/access-point/shared/use-access-point-actions.ts; web/app/components/app/access-point/__tests__/web-app-card.spec.tsx	M00/result.json#resolutions[53]; M06/result.json; M06/12.6-final-aggregate.md; evidence/M08/14.1-analysis.md row 54; evidence/M08/14.2b-deleted-path-disposition.md; V02 verification pending; this path map does not claim runtime acceptance
web/app/components/app/overview/app-card.tsx	M06	V02	modify/delete	resolved	frontend business UI, route, WebApp or localization	renamed：原路径无条目；登记新宿主在快照存在	web/app/components/app/access-point/built-in-access-points/web-app-card.tsx; web/app/components/app/access-point/shared/use-access-point-actions.ts	M00/result.json#resolutions[54]; M06/result.json; M06/12.6-final-aggregate.md; evidence/M08/14.1-analysis.md row 55; V02 verification pending; this path map does not claim runtime acceptance
web/app/components/apps/__tests__/app-card.spec.tsx	M06	V02	content	resolved	frontend business UI, route, WebApp or localization	manual-merge：blob 278896435178 ≠ upstream 2ebd6354a651；末次触及 78c099003f06	web/app/components/apps/__tests__/app-card.spec.tsx	M00/result.json#resolutions[55]; M06/result.json; M06/12.6-final-aggregate.md; evidence/M08/14.1-analysis.md row 56; V02 verification pending; this path map does not claim runtime acceptance
web/app/components/apps/app-card.tsx	M06	V02	modify/delete	resolved	frontend business UI, route, WebApp or localization	renamed：原路径无条目；登记新宿主在快照存在	web/app/components/apps/app-card/index.tsx; web/app/components/apps/app-card/interactions.tsx	M00/result.json#resolutions[56]; M06/result.json; M06/12.6-final-aggregate.md; evidence/M08/14.1-analysis.md row 57; V02 verification pending; this path map does not claim runtime acceptance
web/app/components/apps/list.tsx	M06	V02	content	resolved	frontend business UI, route, WebApp or localization	upstream：blob c09ad1de941f = M00 upstream；另有 fork 宿主	web/app/components/apps/list.tsx; web/app/components/apps/app-list-catalog.tsx	M00/result.json#resolutions[57]; M06/result.json; M06/12.6-final-aggregate.md; evidence/M08/14.1-analysis.md row 58; V02 verification pending; this path map does not claim runtime acceptance
web/app/components/base/chat/chat/index.tsx	M06	V02	content	resolved	frontend business UI, route, WebApp or localization	manual-merge：blob 2f8c1d26c796 ≠ upstream c19090fcd648；末次触及 9ee0119ca1ae	web/app/components/base/chat/chat/index.tsx	M00/result.json#resolutions[58]; M06/result.json; M06/12.6-final-aggregate.md; evidence/M08/14.1-analysis.md row 59; V02 verification pending; this path map does not claim runtime acceptance
web/app/components/base/chat/chat/__tests__/message-context.spec.tsx	M06	V02	content	pending	frontend business UI, route, WebApp or localization	not-in-original-M00-91-conflict-set	N/A	Additional owner registration; see owner_basis and owning-node evidence
web/app/components/develop/__tests__/ApiServer.spec.tsx	M06	V02	modify/delete	resolved	frontend business UI, route, WebApp or localization	delete; 旧 API 文档宿主上游退役，URL/Key 能力保留在 Access Point 与 ApiKey 宿主（14.2b）	web/app/components/app/access-point/shared/service-api-card-view.tsx; web/app/components/app/access-point/__tests__/access-point-url.spec.tsx; web/app/components/api-key/api-key-modal.tsx; web/app/components/api-key/__tests__/api-key-modal.spec.tsx	M00/result.json#resolutions[59]; M06/result.json; M06/12.6-final-aggregate.md; evidence/M08/14.1-analysis.md row 60; evidence/M08/14.2b-deleted-path-disposition.md; V02 verification pending; this path map does not claim runtime acceptance
web/app/components/develop/secret-key/__tests__/secret-key-button.spec.tsx	M06	V02	modify/delete	resolved	frontend business UI, route, WebApp or localization	delete; 新 API Key 按钮测试迁移完成，manager-only 与 AccessPoint ACL 门槛经 14.2e/14.2h 独立复核	web/app/components/app/access-point/shared/api-secret-key-button.tsx; web/app/components/app/access-point/__tests__/api-secret-key-button.spec.tsx	M00/result.json#resolutions[60]; M06/result.json; M06/12.6-final-aggregate.md; evidence/M08/14.1-analysis.md row 61; evidence/M08/14.2b-deleted-path-disposition.md; evidence/M08/14.2e-manager-only-apikey-boundary.md; evidence/M08/14.2h-luna-verification.md; V02 verification pending; this path map does not claim runtime acceptance
web/app/components/develop/secret-key/__tests__/secret-key-modal.spec.tsx	M06	V02	modify/delete	resolved	frontend business UI, route, WebApp or localization	delete; API Key modal 测试与日/月额度行为迁移到共享 modal（14.2b）	web/app/components/api-key/api-key-modal.tsx; web/app/components/api-key/__tests__/api-key-modal.spec.tsx; web/app/components/api-key/api-key-table.tsx	M00/result.json#resolutions[61]; M06/result.json; M06/12.6-final-aggregate.md; evidence/M08/14.1-analysis.md row 62; evidence/M08/14.2b-deleted-path-disposition.md; V02 verification pending; this path map does not claim runtime acceptance
web/app/components/develop/secret-key/secret-key-button.tsx	M06	V02	modify/delete	resolved	frontend business UI, route, WebApp or localization	delete; 新 Access Point 按钮宿主保留 manager-only、ACL 与撤权门槛（14.2e/14.2h）	web/app/components/app/access-point/shared/api-secret-key-button.tsx; web/app/components/app/access-point/__tests__/api-secret-key-button.spec.tsx	M00/result.json#resolutions[62]; M06/result.json; M06/12.6-final-aggregate.md; evidence/M08/14.1-analysis.md row 63; evidence/M08/14.2b-deleted-path-disposition.md; evidence/M08/14.2e-manager-only-apikey-boundary.md; evidence/M08/14.2h-luna-verification.md; V02 verification pending; this path map does not claim runtime acceptance
web/app/components/develop/secret-key/secret-key-modal.tsx	M06	V02	modify/delete	resolved	frontend business UI, route, WebApp or localization	renamed：原路径无条目；登记新宿主在快照存在	web/app/components/api-key/api-key-modal.tsx; web/app/components/api-key/api-key-table.tsx	M00/result.json#resolutions[63]; M06/result.json; M06/12.6-final-aggregate.md; evidence/M08/14.1-analysis.md row 64; V02 verification pending; this path map does not claim runtime acceptance
web/app/components/develop/secret-key/style.module.css	M06	V02	modify/delete	resolved	frontend business UI, route, WebApp or localization	delete; 旧样式宿主退役，90vw/1200px modal 宽度在新宿主经 Chromium 2/2 双重验证（14.2i/14.2j）	web/app/components/api-key/api-key-modal.tsx; web/app/components/api-key/api-key-table.tsx; web/app/components/api-key/__tests__/api-key-modal-layout.browser.spec.tsx	M00/result.json#resolutions[64]; M06/result.json; M06/12.6-final-aggregate.md; evidence/M08/14.1-analysis.md row 65; evidence/M08/14.2b-deleted-path-disposition.md; evidence/M08/14.2i-quota-modal-layout.md; evidence/M08/14.2j-luna-verification.md; V02 verification pending; this path map does not claim runtime acceptance
web/app/components/develop/secret-key/secret-key-quota-set-modal-extend.tsx	M06	V02	modify/delete	pending	zero-reference legacy quota modal; delete only after M06 12.3 validates the new API-key quota host	not-in-original-M00-91-conflict-set	N/A	Additional owner registration; see owner_basis and owning-node evidence
web/app/components/explore/__tests__/index.spec.tsx	M06	V02	modify/delete	resolved	frontend business UI, route, WebApp or localization	delete; Explore wrapper 已由上游退役，MainNav 接管可达导航测试（14.2b）	web/app/components/main-nav/__tests__/index.spec.tsx; web/app/components/main-nav/routes.ts	M00/result.json#resolutions[65]; M06/result.json; M06/12.6-final-aggregate.md; evidence/M08/14.1-analysis.md row 66; evidence/M08/14.2b-deleted-path-disposition.md; V02 verification pending; this path map does not claim runtime acceptance
web/app/components/explore/app-list/__tests__/index.spec.tsx	M06	V02	modify/delete	resolved	frontend business UI, route, WebApp or localization	delete; HomeContent 测试接管推荐模板目录行为，TagFilter 缺口经 14.2f 判定为无效旧契约	web/features/home/home-content/home-content.tsx; web/features/home/home-content/__tests__/home-content.spec.tsx	M00/result.json#resolutions[66]; M06/result.json; M06/12.6-final-aggregate.md; evidence/M08/14.1-analysis.md row 67; evidence/M08/14.2b-deleted-path-disposition.md; evidence/M08/14.2f-home-template-tagfilter-disposition.md; V02 verification pending; this path map does not claim runtime acceptance
web/app/components/explore/app-list/index.tsx	M06	V02	modify/delete	resolved	frontend business UI, route, WebApp or localization; source-confirmed Tag.id UUID/category string mismatch; see evidence/M08/14.2f-home-template-tagfilter-disposition.md	delete; HomeContent 接管推荐模板、分类和搜索；UUID Tag.id 与 catalog category 不匹配，旧 TagFilter 不恢复（14.2f）	web/features/home/home-content/home-content.tsx; web/features/home/home-content/templates-header.tsx	M00/result.json#resolutions[67]; M06/result.json; M06/12.6-final-aggregate.md; evidence/M08/14.1-analysis.md row 68; evidence/M08/14.2b-deleted-path-disposition.md; evidence/M08/14.2f-home-template-tagfilter-disposition.md; V02 verification pending; this path map does not claim runtime acceptance
web/app/components/explore/sidebar/__tests__/index.spec.tsx	M06	V02	modify/delete	resolved	frontend business UI, route, WebApp or localization	delete; sidebar 上游退役，MainNav 测试覆盖应用中心与已安装应用（14.2b）	web/app/components/main-nav/__tests__/index.spec.tsx; web/app/components/main-nav/components/web-apps-section.tsx	M00/result.json#resolutions[68]; M06/result.json; M06/12.6-final-aggregate.md; evidence/M08/14.1-analysis.md row 69; evidence/M08/14.2b-deleted-path-disposition.md; V02 verification pending; this path map does not claim runtime acceptance
web/app/components/explore/sidebar/index.tsx	M06	V02	modify/delete	resolved	frontend business UI, route, WebApp or localization	delete; unreachable Explore sidebar 由上游退役；应用中心与已安装应用导航仍有独立 MainNav 宿主（14.2b）	web/app/(commonLayout)/explore/apps-center-extend/page.tsx; web/app/components/main-nav/routes.ts; web/app/components/main-nav/components/web-apps-section.tsx	M00/result.json#resolutions[69]; M06/result.json; M06/12.6-final-aggregate.md; evidence/M08/14.1-analysis.md row 70; evidence/M08/14.2b-deleted-path-disposition.md; V02 verification pending; this path map does not claim runtime acceptance
web/app/components/header/account-setting/index.tsx	M06	V02	content	resolved	frontend business UI, route, WebApp or localization	upstream：blob 111f3af7eee8 = M00 upstream	web/app/components/header/account-setting/index.tsx	M00/result.json#resolutions[70]; M06/result.json; M06/12.6-final-aggregate.md; evidence/M08/14.1-analysis.md row 71; V02 verification pending; this path map does not claim runtime acceptance
web/app/components/main-nav/__tests__/index.spec.tsx	M06	V02	content	resolved	frontend business UI, route, WebApp or localization	manual-merge：blob 592b3c2af21a ≠ upstream d9040ba6e212；末次触及 6061766c1134	web/app/components/main-nav/__tests__/index.spec.tsx	M00/result.json#resolutions[71]; M06/result.json; M06/12.6-final-aggregate.md; evidence/M08/14.1-analysis.md row 72; V02 verification pending; this path map does not claim runtime acceptance
web/app/components/main-nav/index.tsx	M06	V02	content	resolved	frontend business UI, route, WebApp or localization	manual-merge：blob 75b42b48c2ea ≠ upstream a3b7dfc7c70a；末次触及 6061766c1134	web/app/components/main-nav/index.tsx	M00/result.json#resolutions[72]; M06/result.json; M06/12.6-final-aggregate.md; evidence/M08/14.1-analysis.md row 73; V02 verification pending; this path map does not claim runtime acceptance
web/app/components/main-nav/routes.ts	M06	V02	content	resolved	frontend business UI, route, WebApp or localization	manual-merge：blob bfc6158c0a45 ≠ upstream 721768fff378；末次触及 6061766c1134	web/app/components/main-nav/routes.ts	M00/result.json#resolutions[73]; M06/result.json; M06/12.6-final-aggregate.md; evidence/M08/14.1-analysis.md row 74; V02 verification pending; this path map does not claim runtime acceptance
web/app/signin/normal-form.tsx	M06	V02	content	resolved	frontend business UI, route, WebApp or localization	upstream：blob 52848170cd8c = M00 upstream	web/app/signin/normal-form.tsx	M00/result.json#resolutions[74]; M06/result.json; M06/12.6-final-aggregate.md; evidence/M08/14.1-analysis.md row 75; V02 verification pending; this path map does not claim runtime acceptance
web/context/app-context-normalizers.ts	M05	V02	content	resolved	Console transport, public features or shared frontend contract	manual-merge：blob 0585ba092d70 ≠ upstream 9adc4f70f34f；末次触及 c0ac97edd476	web/context/app-context-normalizers.ts	M00/result.json#resolutions[75]; M05/result.json; M05/codegen-analysis.md; evidence/M08/14.1-analysis.md row 76; V02 verification pending; this path map does not claim runtime acceptance
web/context/workspace-state.ts	M05	V02	content	pending	Console workspace summary query validates generated response before TanStack cache insertion	not-in-original-M00-91-conflict-set	N/A	Additional owner registration; see owner_basis and owning-node evidence
web/contract/console/system.ts	M05	V02	modify/delete	pending	remove handwritten DTOs now owned by generated Console contracts	not-in-original-M00-91-conflict-set	N/A	Additional owner registration; see owner_basis and owning-node evidence
web/contract/router-extend.ts	M05	V02	content	pending	fork-only Console contract aggregation without duplicate generated endpoints	not-in-original-M00-91-conflict-set	N/A	Additional owner registration; see owner_basis and owning-node evidence
web/features/home/template-card.tsx	M06	V02	content	resolved	frontend business UI, route, WebApp or localization	upstream：blob 182572b7a1e5 = M00 upstream	web/features/home/template-card.tsx	M00/result.json#resolutions[76]; M06/result.json; M06/12.6-final-aggregate.md; evidence/M08/14.1-analysis.md row 77; V02 verification pending; this path map does not claim runtime acceptance
web/features/system-features/__tests__/system-features.spec.ts	M05	V02	modify/delete	resolved	Console transport, public features or shared frontend contract	manual-merge：blob 94f744660f0c ≠ upstream —；末次触及 cc3ae699e318	web/features/system-features/__tests__/system-features.spec.ts	M00/result.json#resolutions[77]; M05/result.json; M05/codegen-analysis.md; evidence/M08/14.1-analysis.md row 78; V02 verification pending; this path map does not claim runtime acceptance
web/features/system-features/client.ts	M05	V02	content	resolved	Console transport, public features or shared frontend contract	manual-merge：blob cb207fc3bd16 ≠ upstream b3d4ebc3c7e1；末次触及 cc3ae699e318	web/features/system-features/client.ts	M00/result.json#resolutions[78]; M05/result.json; M05/codegen-analysis.md; evidence/M08/14.1-analysis.md row 79; V02 verification pending; this path map does not claim runtime acceptance
web/features/system-features/server.ts	M05	V02	content	resolved	Console transport, public features or shared frontend contract	manual-merge：blob fbaec22e1dbe ≠ upstream 6f5965ac92a1；末次触及 cc3ae699e318；另有 fork 宿主	web/features/system-features/server.ts; web/service/console/server.ts	M00/result.json#resolutions[79]; M05/result.json; M05/codegen-analysis.md; evidence/M08/14.1-analysis.md row 80; V02 verification pending; this path map does not claim runtime acceptance
web/i18n/ar-TN/extend.json	M06	V02	content	pending	24-locale fork namespace parity; fill missing systemManage translations (lo-LA receives the complete namespace)	not-in-original-M00-91-conflict-set	N/A	Additional owner registration; see owner_basis and owning-node evidence
web/i18n/de-DE/extend.json	M06	V02	content	pending	24-locale fork namespace parity; fill missing systemManage translations (lo-LA receives the complete namespace)	not-in-original-M00-91-conflict-set	N/A	Additional owner registration; see owner_basis and owning-node evidence
web/i18n/es-ES/extend.json	M06	V02	content	pending	24-locale fork namespace parity; fill missing systemManage translations (lo-LA receives the complete namespace)	not-in-original-M00-91-conflict-set	N/A	Additional owner registration; see owner_basis and owning-node evidence
web/i18n/fa-IR/extend.json	M06	V02	content	pending	24-locale fork namespace parity; fill missing systemManage translations (lo-LA receives the complete namespace)	not-in-original-M00-91-conflict-set	N/A	Additional owner registration; see owner_basis and owning-node evidence
web/i18n/fr-FR/extend.json	M06	V02	content	pending	24-locale fork namespace parity; fill missing systemManage translations (lo-LA receives the complete namespace)	not-in-original-M00-91-conflict-set	N/A	Additional owner registration; see owner_basis and owning-node evidence
web/i18n/hi-IN/extend.json	M06	V02	content	pending	24-locale fork namespace parity; fill missing systemManage translations (lo-LA receives the complete namespace)	not-in-original-M00-91-conflict-set	N/A	Additional owner registration; see owner_basis and owning-node evidence
web/i18n/id-ID/extend.json	M06	V02	content	pending	24-locale fork namespace parity; fill missing systemManage translations (lo-LA receives the complete namespace)	not-in-original-M00-91-conflict-set	N/A	Additional owner registration; see owner_basis and owning-node evidence
web/i18n/it-IT/extend.json	M06	V02	content	pending	24-locale fork namespace parity; fill missing systemManage translations (lo-LA receives the complete namespace)	not-in-original-M00-91-conflict-set	N/A	Additional owner registration; see owner_basis and owning-node evidence
web/i18n/lo-LA/extend.json	M06	V02	content	pending	24-locale fork namespace parity; fill missing systemManage translations (lo-LA receives the complete namespace)	not-in-original-M00-91-conflict-set	N/A	Additional owner registration; see owner_basis and owning-node evidence
web/i18n/ja-JP/extend.json	M06	V02	content	pending	24-locale fork namespace parity; fill missing systemManage translations (lo-LA receives the complete namespace)	not-in-original-M00-91-conflict-set	N/A	Additional owner registration; see owner_basis and owning-node evidence
web/i18n/ko-KR/extend.json	M06	V02	content	pending	24-locale fork namespace parity; fill missing systemManage translations (lo-LA receives the complete namespace)	not-in-original-M00-91-conflict-set	N/A	Additional owner registration; see owner_basis and owning-node evidence
web/i18n/nl-NL/extend.json	M06	V02	content	pending	24-locale fork namespace parity; fill missing systemManage translations (lo-LA receives the complete namespace)	not-in-original-M00-91-conflict-set	N/A	Additional owner registration; see owner_basis and owning-node evidence
web/i18n/pl-PL/extend.json	M06	V02	content	pending	24-locale fork namespace parity; fill missing systemManage translations (lo-LA receives the complete namespace)	not-in-original-M00-91-conflict-set	N/A	Additional owner registration; see owner_basis and owning-node evidence
web/i18n/pt-BR/extend.json	M06	V02	content	pending	24-locale fork namespace parity; fill missing systemManage translations (lo-LA receives the complete namespace)	not-in-original-M00-91-conflict-set	N/A	Additional owner registration; see owner_basis and owning-node evidence
web/i18n/ro-RO/extend.json	M06	V02	content	pending	24-locale fork namespace parity; fill missing systemManage translations (lo-LA receives the complete namespace)	not-in-original-M00-91-conflict-set	N/A	Additional owner registration; see owner_basis and owning-node evidence
web/i18n/ru-RU/extend.json	M06	V02	content	pending	24-locale fork namespace parity; fill missing systemManage translations (lo-LA receives the complete namespace)	not-in-original-M00-91-conflict-set	N/A	Additional owner registration; see owner_basis and owning-node evidence
web/i18n/sl-SI/extend.json	M06	V02	content	pending	24-locale fork namespace parity; fill missing systemManage translations (lo-LA receives the complete namespace)	not-in-original-M00-91-conflict-set	N/A	Additional owner registration; see owner_basis and owning-node evidence
web/i18n/th-TH/extend.json	M06	V02	content	pending	24-locale fork namespace parity; fill missing systemManage translations (lo-LA receives the complete namespace)	not-in-original-M00-91-conflict-set	N/A	Additional owner registration; see owner_basis and owning-node evidence
web/i18n/tr-TR/extend.json	M06	V02	content	pending	24-locale fork namespace parity; fill missing systemManage translations (lo-LA receives the complete namespace)	not-in-original-M00-91-conflict-set	N/A	Additional owner registration; see owner_basis and owning-node evidence
web/i18n/uk-UA/extend.json	M06	V02	content	pending	24-locale fork namespace parity; fill missing systemManage translations (lo-LA receives the complete namespace)	not-in-original-M00-91-conflict-set	N/A	Additional owner registration; see owner_basis and owning-node evidence
web/i18n/vi-VN/extend.json	M06	V02	content	pending	24-locale fork namespace parity; fill missing systemManage translations (lo-LA receives the complete namespace)	not-in-original-M00-91-conflict-set	N/A	Additional owner registration; see owner_basis and owning-node evidence
web/i18n/zh-Hant/extend.json	M06	V02	content	pending	24-locale fork namespace parity; fill missing systemManage translations (lo-LA receives the complete namespace)	not-in-original-M00-91-conflict-set	N/A	Additional owner registration; see owner_basis and owning-node evidence
web/i18n/uk-UA/plugin-tags.json	M06	V02	modify/delete	resolved	frontend business UI, route, WebApp or localization	upstream：blob da9ff375d7a0 = M00 upstream	web/i18n/uk-UA/plugin-tags.json	M00/result.json#resolutions[80]; M06/result.json; M06/12.6-final-aggregate.md; evidence/M08/14.1-analysis.md row 81; V02 verification pending; this path map does not claim runtime acceptance
web/models/app.ts	M06	V02	content	resolved	frontend business UI, route, WebApp or localization	upstream：blob 1ad5360d10a7 = M00 upstream	web/models/app.ts	M00/result.json#resolutions[81]; M06/result.json; M06/12.6-final-aggregate.md; evidence/M08/14.1-analysis.md row 82; V02 verification pending; this path map does not claim runtime acceptance
web/models/common.ts	M05	V02	content	resolved	Console transport, public features or shared frontend contract	upstream：blob 692cc7c9b0a6 = M00 upstream	web/models/common.ts	M00/result.json#resolutions[82]; M05/result.json; M05/codegen-analysis.md; evidence/M08/14.1-analysis.md row 83; V02 verification pending; this path map does not claim runtime acceptance
web/next.config.ts	M01	V02	content	resolved	toolchain, package, lockfile or build configuration	manual-merge：blob 4fcc92b79c9d ≠ upstream adceb7f630f7；末次触及 44b58afc15f7	web/next.config.ts	M00/result.json#resolutions[83]; M01/result.json; evidence/M08/14.1-analysis.md row 84; V02 verification pending; this path map does not claim runtime acceptance
web/package.json	M01	V02	content	resolved	toolchain, package, lockfile or build configuration	manual-merge：blob a48a4f4be82d ≠ upstream 850780cff44f；末次触及 44b58afc15f7	web/package.json	M00/result.json#resolutions[84]; M01/result.json; evidence/M08/14.1-analysis.md row 85; V02 verification pending; this path map does not claim runtime acceptance
web/service/apps.ts	M06	V02	content	resolved	frontend business UI, route, WebApp or localization	upstream：blob 23098ccc5690 = M00 upstream	web/service/apps.ts	M00/result.json#resolutions[85]; M06/result.json; M06/12.6-final-aggregate.md; evidence/M08/14.1-analysis.md row 86; V02 verification pending; this path map does not claim runtime acceptance
web/service/client.ts	M05	V02	modify/delete	resolved	Console transport, public features or shared frontend contract	renamed：原路径无条目；登记新宿主在快照存在	web/service/console/browser.ts	M00/result.json#resolutions[86]; M05/result.json; M05/codegen-analysis.md; evidence/M08/14.1-analysis.md row 87; V02 verification pending; this path map does not claim runtime acceptance
web/service/console-router-loader.ts	M05	V02	modify/delete	resolved	Console transport, public features or shared frontend contract	renamed：原路径无条目；登记新宿主在快照存在	web/service/console/contract-loader.ts	M00/result.json#resolutions[87]; M05/result.json; M05/codegen-analysis.md; evidence/M08/14.1-analysis.md row 88; V02 verification pending; this path map does not claim runtime acceptance
web/service/console/index.ts	M05	V02	content	pending	compose generated Console client types with fork systemManage contract	not-in-original-M00-91-conflict-set	N/A	Additional owner registration; see owner_basis and owning-node evidence
web/service/console/browser.ts	M05	V02	content	pending	browser dual-phase login configuration transport	not-in-original-M00-91-conflict-set	N/A	Additional owner registration; see owner_basis and owning-node evidence
web/service/console/client.spec.ts	M05	V02	content	pending	Console transport behavior regressions	not-in-original-M00-91-conflict-set	N/A	Additional owner registration; see owner_basis and owning-node evidence
web/service/console/contract-loader.ts	M05	V02	content	pending	dynamic generated segments and fork systemManage loader	not-in-original-M00-91-conflict-set	N/A	Additional owner registration; see owner_basis and owning-node evidence
web/service/explore.ts	M06	V02	content	resolved	frontend business UI, route, WebApp or localization	manual-merge：blob a14304c30690 ≠ upstream 98d505938869；末次触及 82227748fcbe	web/service/explore.ts	M00/result.json#resolutions[88]; M06/result.json; M06/12.6-final-aggregate.md; evidence/M08/14.1-analysis.md row 89; V02 verification pending; this path map does not claim runtime acceptance
web/service/message-context-extend.spec.ts	M06	V02	content	pending	frontend business UI, route, WebApp or localization	not-in-original-M00-91-conflict-set	N/A	Additional owner registration; see owner_basis and owning-node evidence
web/service/message-context-extend.ts	M06	V02	content	pending	frontend business UI, route, WebApp or localization	not-in-original-M00-91-conflict-set	N/A	Additional owner registration; see owner_basis and owning-node evidence
web/service/use-explore.ts	M06	V02	content	resolved	frontend business UI, route, WebApp or localization	manual-merge：blob 21571a6ae672 ≠ upstream c7ca887fbe1f；末次触及 82227748fcbe	web/service/use-explore.ts	M00/result.json#resolutions[89]; M06/result.json; M06/12.6-final-aggregate.md; evidence/M08/14.1-analysis.md row 90; V02 verification pending; this path map does not claim runtime acceptance
web/service/webapp-auth.ts	M06	V02	content	resolved	frontend business UI, route, WebApp or localization	upstream：blob 39f58716c149 = M00 upstream；另有 fork 宿主	web/service/webapp-auth.ts; web/service/webapp-address.ts	M00/result.json#resolutions[90]; M06/result.json; M06/12.6-final-aggregate.md; evidence/M08/14.1-analysis.md row 91; V02 verification pending; this path map does not claim runtime acceptance
packages/contracts/generated/api/console/account/orpc.gen.ts	M05	V02	generated	pending	full M05 contract generation output from the upstream 1.17.1 API specifications	not-in-original-M00-91-conflict-set	N/A	Additional owner registration; see owner_basis and owning-node evidence
packages/contracts/generated/api/console/account/types.gen.ts	M05	V02	generated	pending	full M05 contract generation output from the upstream 1.17.1 API specifications	not-in-original-M00-91-conflict-set	N/A	Additional owner registration; see owner_basis and owning-node evidence
packages/contracts/generated/api/console/account/zod.gen.ts	M05	V02	generated	pending	full M05 contract generation output from the upstream 1.17.1 API specifications	not-in-original-M00-91-conflict-set	N/A	Additional owner registration; see owner_basis and owning-node evidence
packages/contracts/generated/api/console/agent/types.gen.ts	M05	V02	generated	pending	full M05 contract generation output from the upstream 1.17.1 API specifications	not-in-original-M00-91-conflict-set	N/A	Additional owner registration; see owner_basis and owning-node evidence
packages/contracts/generated/api/console/agent/zod.gen.ts	M05	V02	generated	pending	full M05 contract generation output from the upstream 1.17.1 API specifications	not-in-original-M00-91-conflict-set	N/A	Additional owner registration; see owner_basis and owning-node evidence
packages/contracts/generated/api/console/apps/orpc.gen.ts	M05	V02	generated	pending	full M05 contract generation output from the upstream 1.17.1 API specifications	not-in-original-M00-91-conflict-set	N/A	Additional owner registration; see owner_basis and owning-node evidence
packages/contracts/generated/api/console/apps/types.gen.ts	M05	V02	generated	pending	full M05 contract generation output from the upstream 1.17.1 API specifications	not-in-original-M00-91-conflict-set	N/A	Additional owner registration; see owner_basis and owning-node evidence
packages/contracts/generated/api/console/apps/zod.gen.ts	M05	V02	generated	pending	full M05 contract generation output from the upstream 1.17.1 API specifications	not-in-original-M00-91-conflict-set	N/A	Additional owner registration; see owner_basis and owning-node evidence
packages/contracts/generated/api/console/datasets/types.gen.ts	M05	V02	generated	pending	full M05 contract generation output from the upstream 1.17.1 API specifications	not-in-original-M00-91-conflict-set	N/A	Additional owner registration; see owner_basis and owning-node evidence
packages/contracts/generated/api/console/datasets/zod.gen.ts	M05	V02	generated	pending	full M05 contract generation output from the upstream 1.17.1 API specifications	not-in-original-M00-91-conflict-set	N/A	Additional owner registration; see owner_basis and owning-node evidence
packages/contracts/generated/api/console/ding-talk/orpc.gen.ts	M05	V02	generated	pending	full M05 contract generation output from the upstream 1.17.1 API specifications	not-in-original-M00-91-conflict-set	N/A	Additional owner registration; see owner_basis and owning-node evidence
packages/contracts/generated/api/console/ding-talk/types.gen.ts	M05	V02	generated	pending	full M05 contract generation output from the upstream 1.17.1 API specifications	not-in-original-M00-91-conflict-set	N/A	Additional owner registration; see owner_basis and owning-node evidence
packages/contracts/generated/api/console/ding-talk/zod.gen.ts	M05	V02	generated	pending	full M05 contract generation output from the upstream 1.17.1 API specifications	not-in-original-M00-91-conflict-set	N/A	Additional owner registration; see owner_basis and owning-node evidence
packages/contracts/generated/api/console/extend/orpc.gen.ts	M05	V02	generated	pending	full M05 contract generation output from the upstream 1.17.1 API specifications	not-in-original-M00-91-conflict-set	N/A	Additional owner registration; see owner_basis and owning-node evidence
packages/contracts/generated/api/console/extend/types.gen.ts	M05	V02	generated	pending	full M05 contract generation output from the upstream 1.17.1 API specifications	not-in-original-M00-91-conflict-set	N/A	Additional owner registration; see owner_basis and owning-node evidence
packages/contracts/generated/api/console/extend/zod.gen.ts	M05	V02	generated	pending	full M05 contract generation output from the upstream 1.17.1 API specifications	not-in-original-M00-91-conflict-set	N/A	Additional owner registration; see owner_basis and owning-node evidence
packages/contracts/generated/api/console/installed/orpc.gen.ts	M05	V02	generated	pending	full M05 contract generation output from the upstream 1.17.1 API specifications	not-in-original-M00-91-conflict-set	N/A	Additional owner registration; see owner_basis and owning-node evidence
packages/contracts/generated/api/console/installed/types.gen.ts	M05	V02	generated	pending	full M05 contract generation output from the upstream 1.17.1 API specifications	not-in-original-M00-91-conflict-set	N/A	Additional owner registration; see owner_basis and owning-node evidence
packages/contracts/generated/api/console/installed/zod.gen.ts	M05	V02	generated	pending	full M05 contract generation output from the upstream 1.17.1 API specifications	not-in-original-M00-91-conflict-set	N/A	Additional owner registration; see owner_basis and owning-node evidence
packages/contracts/generated/api/console/message/orpc.gen.ts	M05	V02	generated	pending	full M05 contract generation output from the upstream 1.17.1 API specifications	not-in-original-M00-91-conflict-set	N/A	Additional owner registration; see owner_basis and owning-node evidence
packages/contracts/generated/api/console/message/types.gen.ts	M05	V02	generated	pending	full M05 contract generation output from the upstream 1.17.1 API specifications	not-in-original-M00-91-conflict-set	N/A	Additional owner registration; see owner_basis and owning-node evidence
packages/contracts/generated/api/console/message/zod.gen.ts	M05	V02	generated	pending	full M05 contract generation output from the upstream 1.17.1 API specifications	not-in-original-M00-91-conflict-set	N/A	Additional owner registration; see owner_basis and owning-node evidence
packages/contracts/generated/api/console/system-manage-extend/orpc.gen.ts	M05	V02	generated	pending	full M05 contract generation output from the upstream 1.17.1 API specifications	not-in-original-M00-91-conflict-set	N/A	Additional owner registration; see owner_basis and owning-node evidence
packages/contracts/generated/api/console/system-manage-extend/types.gen.ts	M05	V02	generated	pending	full M05 contract generation output from the upstream 1.17.1 API specifications	not-in-original-M00-91-conflict-set	N/A	Additional owner registration; see owner_basis and owning-node evidence
packages/contracts/generated/api/console/system-manage-extend/zod.gen.ts	M05	V02	generated	pending	full M05 contract generation output from the upstream 1.17.1 API specifications	not-in-original-M00-91-conflict-set	N/A	Additional owner registration; see owner_basis and owning-node evidence
packages/contracts/generated/api/console/workspaces/types.gen.ts	M05	V02	generated	pending	full M05 contract generation output from the upstream 1.17.1 API specifications	not-in-original-M00-91-conflict-set	N/A	Additional owner registration; see owner_basis and owning-node evidence
packages/contracts/generated/api/console/workspaces/zod.gen.ts	M05	V02	generated	pending	full M05 contract generation output from the upstream 1.17.1 API specifications	not-in-original-M00-91-conflict-set	N/A	Additional owner registration; see owner_basis and owning-node evidence
packages/contracts/generated/api/web/types.gen.ts	M05	V02	generated	pending	full M05 contract generation output from the upstream 1.17.1 API specifications	not-in-original-M00-91-conflict-set	N/A	Additional owner registration; see owner_basis and owning-node evidence
packages/contracts/generated/api/web/zod.gen.ts	M05	V02	generated	pending	full M05 contract generation output from the upstream 1.17.1 API specifications	not-in-original-M00-91-conflict-set	N/A	Additional owner registration; see owner_basis and owning-node evidence
packages/contracts/openapi-ts.api.config.ts	M05	V02	content	pending	localized Console contract filter for CORS OPTIONS and handwritten codeExecutionControl single-owner rules	not-in-original-M00-91-conflict-set	N/A	Additional owner registration; see owner_basis and owning-node evidence
web/contract/console/system-manage.ts	M05	V02	content	pending	handwritten codeExecutionControl DTO/runtime owner and status-201 compatibility assertion	not-in-original-M00-91-conflict-set	N/A	Additional owner registration; see owner_basis and owning-node evidence
api/tests/unit_tests/controllers/service_api/test_billing_extend.py	M04	V01	non-conflict-test	registered	M04 quota, caller compatibility, billing and memory regression verification	not-in-original-M00-91-conflict-set	N/A	Additional owner registration; see owner_basis and owning-node evidence
api/tests/unit_tests/core/app/test_billing_hooks_extend.py	M04	V01	non-conflict-test	registered	M04 quota, caller compatibility, billing and memory regression verification	not-in-original-M00-91-conflict-set	N/A	Additional owner registration; see owner_basis and owning-node evidence
api/tests/unit_tests/controllers/service_api/test_wraps.py	M04	V01	non-conflict-test	registered	M04 quota, caller compatibility, billing and memory regression verification	not-in-original-M00-91-conflict-set	N/A	Additional owner registration; see owner_basis and owning-node evidence
api/tests/unit_tests/core/memory/test_token_buffer_memory.py	M04	V01	non-conflict-test	registered	Account for preserved fork context query in upstream batch-file query-count regression	not-in-original-M00-91-conflict-set	N/A	Additional owner registration; see owner_basis and owning-node evidence
api/docker/entrypoint.sh	M07	M08	non-conflict-write	registered	M07 single migration executor and main plus extension chain entrypoint; registered before implementation	not-in-original-M00-91-conflict-set	N/A	Additional owner registration; see owner_basis and owning-node evidence
docker/docker-compose.dify-plus.yaml	M07	M08	non-conflict-write	registered	M07 fork deployment topology and upstream 1.17.1 contract alignment; registered before implementation	not-in-original-M00-91-conflict-set	N/A	Additional owner registration; see owner_basis and owning-node evidence
docker/envs/core-services/api.env.example	M07	M08	non-conflict-write	registered	M07 API migration and Agent token environment example alignment; registered before implementation	not-in-original-M00-91-conflict-set	N/A	Additional owner registration; see owner_basis and owning-node evidence
docker/envs/core-services/dify-agent.env.example	M07	M08	non-conflict-write	registered	M07 Agent runtime and retention environment example alignment; registered before implementation	not-in-original-M00-91-conflict-set	N/A	Additional owner registration; see owner_basis and owning-node evidence
docker/envs/core-services/local-sandbox.env.example	M07	M08	non-conflict-write	registered	M07 local sandbox environment example alignment; registered before implementation	not-in-original-M00-91-conflict-set	N/A	Additional owner registration; see owner_basis and owning-node evidence
docker/envs/core-services/plugin-daemon.env.example	M07	M08	non-conflict-write	registered	M07 plugin daemon version and queue environment example alignment; registered before implementation	not-in-original-M00-91-conflict-set	N/A	Additional owner registration; see owner_basis and owning-node evidence
docker/envs/core-services/sandbox.env.example	M07	M08	non-conflict-write	registered	M07 sandbox environment example alignment; registered before implementation	not-in-original-M00-91-conflict-set	N/A	Additional owner registration; see owner_basis and owning-node evidence
docker/envs/core-services/shared.env.example	M07	M08	non-conflict-write	registered	M07 shared migration and deployment environment example alignment; registered before implementation	not-in-original-M00-91-conflict-set	N/A	Additional owner registration; see owner_basis and owning-node evidence
docker/envs/core-services/worker-beat.env.example	M07	M08	non-conflict-write	registered	M07 worker beat migration environment example alignment; registered before implementation	not-in-original-M00-91-conflict-set	N/A	Additional owner registration; see owner_basis and owning-node evidence
docker/envs/core-services/worker.env.example	M07	M08	non-conflict-write	registered	M07 worker migration environment example alignment; registered before implementation	not-in-original-M00-91-conflict-set	N/A	Additional owner registration; see owner_basis and owning-node evidence
docker/ssrf_proxy/squid-agent.conf.template	M07	M08	non-conflict-write	registered	M07 dedicated Agent SSRF policy template alignment; registered before implementation	not-in-original-M00-91-conflict-set	N/A	Additional owner registration; see owner_basis and owning-node evidence
docker/ssrf_proxy/squid-common.conf.template	M07	M08	non-conflict-write	registered	M07 shared SSRF policy template alignment; registered before implementation	not-in-original-M00-91-conflict-set	N/A	Additional owner registration; see owner_basis and owning-node evidence
docker/ssrf_proxy/squid.conf.template	M07	M08	non-conflict-write	registered	M07 existing shared SSRF template alignment; registered before implementation	not-in-original-M00-91-conflict-set	N/A	Additional owner registration; see owner_basis and owning-node evidence
.github/workflows/build-push.yml	M07	M08	non-conflict-write	registered	M07 distinguish CI validation from private image publication; registered before implementation	not-in-original-M00-91-conflict-set	N/A	Additional owner registration; see owner_basis and owning-node evidence
.github/workflows/docker-build.yml	M07	M08	non-conflict-write	registered	M07 upstream Docker build validation alignment; registered before implementation	not-in-original-M00-91-conflict-set	N/A	Additional owner registration; see owner_basis and owning-node evidence
web/features/system-features/snapshot.ts	M05	V02	content	pending	M05 11.2 public snapshot shape and isolated login configuration	not-in-original-M00-91-conflict-set	N/A	Additional owner registration; see owner_basis and owning-node evidence
web/features/system-features/extend.ts	M05	V02	content	pending	M05 11.2 public snapshot shape and isolated login configuration	not-in-original-M00-91-conflict-set	N/A	Additional owner registration; see owner_basis and owning-node evidence
web/features/system-features/__tests__/server.spec.ts	M05	V02	content	pending	M05 11.2 public snapshot shape and isolated login configuration	not-in-original-M00-91-conflict-set	N/A	Additional owner registration; see owner_basis and owning-node evidence
api/controllers/console/app/app_extend.py	M02	V01	content	pending	message context endpoint tenant ownership and app/Agent permission follow-up from M06 security handoff	not-in-original-M00-91-conflict-set	N/A	Additional owner registration; see owner_basis and owning-node evidence
api/services/recommended_app_service_extend.py	M02	V01	content	pending	message context endpoint tenant ownership and app/Agent permission follow-up from M06 security handoff	not-in-original-M00-91-conflict-set	N/A	Additional owner registration; see owner_basis and owning-node evidence
api/tests/unit_tests/controllers/console/app/test_app_extend.py	M02	V01	test	pending	message context endpoint tenant ownership and app/Agent permission follow-up from M06 security handoff	not-in-original-M00-91-conflict-set	N/A	Additional owner registration; see owner_basis and owning-node evidence
api/tests/unit_tests/services/test_recommended_app_service_extend.py	M02	V01	test	pending	message context endpoint tenant ownership and app/Agent permission follow-up from M06 security handoff	not-in-original-M00-91-conflict-set	N/A	Additional owner registration; see owner_basis and owning-node evidence
api/controllers/console/app/app.py	M03	V01	content	pending	M03 9.6 M06 handoff: populate current-page RecommendedApp sync IDs in existing AppPagination field	not-in-original-M00-91-conflict-set	N/A	Additional owner registration; see owner_basis and owning-node evidence
api/tests/unit_tests/controllers/console/app/test_app_response_models.py	M03	V01	test	pending	M03 9.6 current-page synced/unsynced RecommendedApp regression	not-in-original-M00-91-conflict-set	N/A	Additional owner registration; see owner_basis and owning-node evidence
web/app/components/explore/app-list-center-extend/index.tsx	M06	V02	non-conflict-write	registered	M06 12.2a repair existing fork-only installed app center against 1.17.1 services	not-in-original-M00-91-conflict-set	N/A	Additional owner registration; see owner_basis and owning-node evidence
web/app/components/explore/app-list-center-extend/__tests__/index.spec.tsx	M06	V02	non-conflict-write	registered	M06 12.2a fork app-center behavior tests for installed data/filter/navigation	not-in-original-M00-91-conflict-set	N/A	Additional owner registration; see owner_basis and owning-node evidence
web/app/components/apps/app-list-catalog.tsx	M06	V02	non-conflict-write	registered	M06 12.2c new catalog host passes page-scoped sync state to cards	not-in-original-M00-91-conflict-set	N/A	Additional owner registration; see owner_basis and owning-node evidence
web/app/components/apps/__tests__/list.spec.tsx	M06	V02	non-conflict-write	registered	M06 12.2 app list pagination/filter and sync status tests	not-in-original-M00-91-conflict-set	N/A	Additional owner registration; see owner_basis and owning-node evidence
web/app/components/apps/app-card/interactions.tsx	M06	V02	non-conflict-write	registered	M06 12.2c sync/unsync menu migrated into 1.17.1 interaction host	not-in-original-M00-91-conflict-set	N/A	Additional owner registration; see owner_basis and owning-node evidence
web/service/explore.spec.ts	M06	V02	non-conflict-write	registered	M06 12.2a fork installed API response validation tests	not-in-original-M00-91-conflict-set	N/A	Additional owner registration; see owner_basis and owning-node evidence
web/service/__tests__/use-explore.spec.tsx	M06	V02	non-conflict-write	registered	M06 12.2a installed app query cache and malformed response tests	not-in-original-M00-91-conflict-set	N/A	Additional owner registration; see owner_basis and owning-node evidence
web/service/common-extend.ts	M08	V02	non-conflict-cleanup	registered	M08 orphan cleanup: zero-import account/money wrapper superseded by M06 account-money-extend Console query; exact path registered before deletion	not-in-original-M00-91-conflict-set	N/A	Additional owner registration; see owner_basis and owning-node evidence
web/models/common-extend.ts	M08	V02	non-conflict-cleanup	registered	M08 orphan cleanup: DTO has no consumer beyond retired web/service/common-extend.ts; exact path registered before deletion	not-in-original-M00-91-conflict-set	N/A	Additional owner registration; see owner_basis and owning-node evidence
docs/dify-plus/README.md	M08	M08	non-conflict-document	resolved	M08 1.17.1 integration: update fork document index to distinguish historical 1.16 records from the current merge candidate and link current deployment/fork feature sources; closed by evidence/M08/14.2d-documentation-integration.md	not-in-original-M00-91-conflict-set	N/A	Additional owner registration; see owner_basis and owning-node evidence
docs/dify-plus/二开功能详解-后端与数据层.md	M08	M08	non-conflict-document	resolved	M08 14.2d correct quota semantics / mark 1.17.1 planning snapshot as historical; exact path registered before edit; closed by evidence/M08/14.2d-documentation-integration.md	not-in-original-M00-91-conflict-set	N/A	Additional owner registration; see owner_basis and owning-node evidence
docs/dify-plus/合并规划-upstream-1.17.1.md	M08	M08	non-conflict-document	resolved	M08 14.2d correct quota semantics / mark 1.17.1 planning snapshot as historical; exact path registered before edit; closed by evidence/M08/14.2d-documentation-integration.md	not-in-original-M00-91-conflict-set	N/A	Additional owner registration; see owner_basis and owning-node evidence
web/app/components/app/access-point/shared/api-secret-key-button.tsx	M08	V02	non-conflict-write	registered	M08 14.2e preserve the existing Dify-Plus workspace-manager-only API Key UI boundary in the upstream AccessPoint host; exact source/spec paths registered before edit	not-in-original-M00-91-conflict-set	N/A	Additional owner registration; see owner_basis and owning-node evidence
web/app/components/app/access-point/__tests__/api-secret-key-button.spec.tsx	M08	V02	non-conflict-write	registered	M08 14.2e preserve the existing Dify-Plus workspace-manager-only API Key UI boundary in the upstream AccessPoint host; exact source/spec paths registered before edit	not-in-original-M00-91-conflict-set	N/A	Additional owner registration; see owner_basis and owning-node evidence
web/app/components/api-key/api-key-modal.tsx	M08	V02	non-conflict-write	registered	M08 14.2i scoped handoff from completed M06 modal host: restore fork responsive width only; no quota/API behavior change	not-in-original-M00-91-conflict-set	N/A	Additional owner registration; see owner_basis and owning-node evidence
web/app/components/api-key/__tests__/api-key-modal-layout.browser.spec.tsx	M08	V02	non-conflict-test	registered	M08 14.2i Chromium geometry and right-action reachability acceptance for the actual quota modal	not-in-original-M00-91-conflict-set	N/A	Additional owner registration; see owner_basis and owning-node evidence
