path	owner_node	verify_node	merge_relation	review_kind	owner_basis	review_reason
.github/ISSUE_TEMPLATE/config.yml	M07	M08	auto_merged_overlap	integration_configuration	deployment, CI or CLI provisioning	Both sides changed build, deploy, provisioning or dependency input; reconcile declarations and resulting artifact.
.github/workflows/db-migration-test.yml	M07	M08	auto_merged_overlap	integration_configuration	deployment, CI or CLI provisioning	Both sides changed build, deploy, provisioning or dependency input; reconcile declarations and resulting artifact.
.gitignore	M08	M08	auto_merged_overlap	integration_configuration	integration-owned root metadata	Both sides changed build, deploy, provisioning or dependency input; reconcile declarations and resulting artifact.
AGENTS.md	M08	M08	text_conflict	other	integration-owned root metadata	Both sides changed this path; review merged semantics.
README.md	M08	M08	text_conflict	other	integration-owned root metadata	Both sides changed this path; review merged semantics.
api/Dockerfile	M07	M08	auto_merged_overlap	integration_configuration	deployment, CI or CLI provisioning	Both sides changed build, deploy, provisioning or dependency input; reconcile declarations and resulting artifact.
api/constants/__init__.py	M02	V01	auto_merged_overlap	fork_backend_behavior	backend foundation or workspace contract	Both sides changed backend code; inspect fork hooks and target service/admission signatures, then adapt where needed.
api/controllers/common/fields.py	M02	V01	auto_merged_overlap	fork_backend_behavior	backend foundation or workspace contract	Both sides changed backend code; inspect fork hooks and target service/admission signatures, then adapt where needed.
api/controllers/console/__init__.py	M02	V01	text_conflict	fork_backend_behavior	backend foundation or workspace contract	Both sides changed backend code; inspect fork hooks and target service/admission signatures, then adapt where needed.
api/controllers/console/apikey.py	M04	V01	text_conflict	fork_backend_behavior	API, billing, runtime or associated test	Both sides changed backend code; inspect fork hooks and target service/admission signatures, then adapt where needed.
api/controllers/console/app/app.py	M03	V01	auto_merged_overlap	fork_backend_behavior	app/WebApp admission and account flow	Both sides changed backend code; inspect fork hooks and target service/admission signatures, then adapt where needed.
api/controllers/console/app/completion.py	M04	V01	auto_merged_overlap	fork_backend_behavior	API, billing, runtime or associated test	Both sides changed backend code; inspect fork hooks and target service/admission signatures, then adapt where needed.
api/controllers/console/app/model_config.py	M04	V01	auto_merged_overlap	fork_backend_behavior	API, billing, runtime or associated test	Both sides changed backend code; inspect fork hooks and target service/admission signatures, then adapt where needed.
api/controllers/console/app/site.py	M03	V01	text_conflict	fork_backend_behavior	app/WebApp admission and account flow	Both sides changed backend code; inspect fork hooks and target service/admission signatures, then adapt where needed.
api/controllers/console/app/statistic.py	M04	V01	text_conflict	fork_backend_behavior	API, billing, runtime or associated test	Both sides changed backend code; inspect fork hooks and target service/admission signatures, then adapt where needed.
api/controllers/console/app/workflow.py	M04	V01	text_conflict	fork_backend_behavior	API, billing, runtime or associated test	Both sides changed backend code; inspect fork hooks and target service/admission signatures, then adapt where needed.
api/controllers/console/auth/oauth.py	M03	V01	text_conflict	fork_backend_behavior	app/WebApp admission and account flow	Both sides changed backend code; inspect fork hooks and target service/admission signatures, then adapt where needed.
api/controllers/console/explore/completion.py	M04	V01	text_conflict	fork_backend_behavior	API, billing, runtime or associated test	Both sides changed backend code; inspect fork hooks and target service/admission signatures, then adapt where needed.
api/controllers/console/explore/installed_app.py	M04	V01	text_conflict	fork_backend_behavior	API, billing, runtime or associated test	Both sides changed backend code; inspect fork hooks and target service/admission signatures, then adapt where needed.
api/controllers/console/explore/workflow.py	M04	V01	text_conflict	fork_backend_behavior	API, billing, runtime or associated test	Both sides changed backend code; inspect fork hooks and target service/admission signatures, then adapt where needed.
api/controllers/console/explore/wraps.py	M04	V01	text_conflict	fork_backend_behavior	API, billing, runtime or associated test	Both sides changed backend code; inspect fork hooks and target service/admission signatures, then adapt where needed.
api/controllers/console/feature.py	M02	V01	text_conflict	fork_backend_behavior	backend foundation or workspace contract	Both sides changed backend code; inspect fork hooks and target service/admission signatures, then adapt where needed.
api/controllers/console/tag/tags.py	M04	V01	text_conflict	fork_backend_behavior	API, billing, runtime or associated test	Both sides changed backend code; inspect fork hooks and target service/admission signatures, then adapt where needed.
api/controllers/console/workspace/workspace.py	M02	V01	auto_merged_overlap	fork_backend_behavior	backend foundation or workspace contract	Both sides changed backend code; inspect fork hooks and target service/admission signatures, then adapt where needed.
api/controllers/service_api/__init__.py	M04	V01	text_conflict	fork_backend_behavior	API, billing, runtime or associated test	Both sides changed backend code; inspect fork hooks and target service/admission signatures, then adapt where needed.
api/controllers/service_api/app/annotation.py	M04	V01	text_conflict	fork_backend_behavior	API, billing, runtime or associated test	Both sides changed backend code; inspect fork hooks and target service/admission signatures, then adapt where needed.
api/controllers/service_api/app/app.py	M04	V01	text_conflict	fork_backend_behavior	API, billing, runtime or associated test	Both sides changed backend code; inspect fork hooks and target service/admission signatures, then adapt where needed.
api/controllers/service_api/app/audio.py	M04	V01	text_conflict	fork_backend_behavior	API, billing, runtime or associated test	Both sides changed backend code; inspect fork hooks and target service/admission signatures, then adapt where needed.
api/controllers/service_api/app/completion.py	M04	V01	auto_merged_overlap	fork_backend_behavior	API, billing, runtime or associated test	Both sides changed backend code; inspect fork hooks and target service/admission signatures, then adapt where needed.
api/controllers/service_api/app/conversation.py	M04	V01	text_conflict	fork_backend_behavior	API, billing, runtime or associated test	Both sides changed backend code; inspect fork hooks and target service/admission signatures, then adapt where needed.
api/controllers/service_api/app/file.py	M04	V01	text_conflict	fork_backend_behavior	API, billing, runtime or associated test	Both sides changed backend code; inspect fork hooks and target service/admission signatures, then adapt where needed.
api/controllers/service_api/app/file_preview.py	M04	V01	text_conflict	fork_backend_behavior	API, billing, runtime or associated test	Both sides changed backend code; inspect fork hooks and target service/admission signatures, then adapt where needed.
api/controllers/service_api/app/human_input_form.py	M04	V01	text_conflict	fork_backend_behavior	API, billing, runtime or associated test	Both sides changed backend code; inspect fork hooks and target service/admission signatures, then adapt where needed.
api/controllers/service_api/app/message.py	M04	V01	text_conflict	fork_backend_behavior	API, billing, runtime or associated test	Both sides changed backend code; inspect fork hooks and target service/admission signatures, then adapt where needed.
api/controllers/service_api/app/site.py	M04	V01	text_conflict	fork_backend_behavior	API, billing, runtime or associated test	Both sides changed backend code; inspect fork hooks and target service/admission signatures, then adapt where needed.
api/controllers/service_api/app/workflow.py	M04	V01	auto_merged_overlap	fork_backend_behavior	API, billing, runtime or associated test	Both sides changed backend code; inspect fork hooks and target service/admission signatures, then adapt where needed.
api/controllers/service_api/app/workflow_events.py	M04	V01	text_conflict	fork_backend_behavior	API, billing, runtime or associated test	Both sides changed backend code; inspect fork hooks and target service/admission signatures, then adapt where needed.
api/controllers/service_api/wraps.py	M04	V01	text_conflict	fork_backend_behavior	API, billing, runtime or associated test	Both sides changed backend code; inspect fork hooks and target service/admission signatures, then adapt where needed.
api/controllers/web/login.py	M03	V01	text_conflict	fork_backend_behavior	app/WebApp admission and account flow	Both sides changed backend code; inspect fork hooks and target service/admission signatures, then adapt where needed.
api/controllers/web/workflow.py	M03	V01	auto_merged_overlap	fork_backend_behavior	app/WebApp admission and account flow	Both sides changed backend code; inspect fork hooks and target service/admission signatures, then adapt where needed.
api/core/app/apps/advanced_chat/app_generator.py	M04	V01	auto_merged_overlap	fork_backend_behavior	API, billing, runtime or associated test	Both sides changed backend code; inspect fork hooks and target service/admission signatures, then adapt where needed.
api/core/app/apps/advanced_chat/app_runner.py	M04	V01	auto_merged_overlap	fork_backend_behavior	API, billing, runtime or associated test	Both sides changed backend code; inspect fork hooks and target service/admission signatures, then adapt where needed.
api/core/app/apps/advanced_chat/generate_task_pipeline.py	M04	V01	auto_merged_overlap	fork_backend_behavior	API, billing, runtime or associated test	Both sides changed backend code; inspect fork hooks and target service/admission signatures, then adapt where needed.
api/core/app/apps/chat/app_runner.py	M04	V01	auto_merged_overlap	fork_backend_behavior	API, billing, runtime or associated test	Both sides changed backend code; inspect fork hooks and target service/admission signatures, then adapt where needed.
api/core/app/apps/completion/app_generator.py	M04	V01	auto_merged_overlap	fork_backend_behavior	API, billing, runtime or associated test	Both sides changed backend code; inspect fork hooks and target service/admission signatures, then adapt where needed.
api/core/app/apps/message_based_app_generator.py	M04	V01	auto_merged_overlap	fork_backend_behavior	API, billing, runtime or associated test	Both sides changed backend code; inspect fork hooks and target service/admission signatures, then adapt where needed.
api/core/app/apps/pipeline/pipeline_runner.py	M04	V01	auto_merged_overlap	fork_backend_behavior	API, billing, runtime or associated test	Both sides changed backend code; inspect fork hooks and target service/admission signatures, then adapt where needed.
api/core/app/apps/workflow/app_generator.py	M04	V01	auto_merged_overlap	fork_backend_behavior	API, billing, runtime or associated test	Both sides changed backend code; inspect fork hooks and target service/admission signatures, then adapt where needed.
api/core/app/apps/workflow/app_runner.py	M04	V01	auto_merged_overlap	fork_backend_behavior	API, billing, runtime or associated test	Both sides changed backend code; inspect fork hooks and target service/admission signatures, then adapt where needed.
api/core/app/apps/workflow/generate_task_pipeline.py	M04	V01	auto_merged_overlap	fork_backend_behavior	API, billing, runtime or associated test	Both sides changed backend code; inspect fork hooks and target service/admission signatures, then adapt where needed.
api/core/app/entities/app_invoke_entities.py	M04	V01	auto_merged_overlap	fork_backend_behavior	API, billing, runtime or associated test	Both sides changed backend code; inspect fork hooks and target service/admission signatures, then adapt where needed.
api/core/app/workflow/layers/persistence.py	M04	V01	auto_merged_overlap	fork_backend_behavior	API, billing, runtime or associated test	Both sides changed backend code; inspect fork hooks and target service/admission signatures, then adapt where needed.
api/core/tools/tool_manager.py	M04	V01	auto_merged_overlap	fork_backend_behavior	API, billing, runtime or associated test	Both sides changed backend code; inspect fork hooks and target service/admission signatures, then adapt where needed.
api/core/workflow/node_factory.py	M04	V01	auto_merged_overlap	fork_backend_behavior	API, billing, runtime or associated test	Both sides changed backend code; inspect fork hooks and target service/admission signatures, then adapt where needed.
api/extensions/ext_celery.py	M04	V01	auto_merged_overlap	fork_backend_behavior	API, billing, runtime or associated test	Both sides changed backend code; inspect fork hooks and target service/admission signatures, then adapt where needed.
api/extensions/ext_commands.py	M02	V01	auto_merged_overlap	fork_backend_behavior	backend foundation or workspace contract	Both sides changed backend code; inspect fork hooks and target service/admission signatures, then adapt where needed.
api/models/__init__.py	M02	V01	text_conflict	fork_backend_behavior	backend foundation or workspace contract	Both sides changed backend code; inspect fork hooks and target service/admission signatures, then adapt where needed.
api/models/model.py	M02	V01	auto_merged_overlap	fork_backend_behavior	backend foundation or workspace contract	Both sides changed backend code; inspect fork hooks and target service/admission signatures, then adapt where needed.
api/models/workflow.py	M02	V01	text_conflict	fork_backend_behavior	backend foundation or workspace contract	Both sides changed backend code; inspect fork hooks and target service/admission signatures, then adapt where needed.
api/pyproject.toml	M01	M08	auto_merged_overlap	integration_configuration	toolchain or dependency manifest/lock	Both sides changed build, deploy, provisioning or dependency input; reconcile declarations and resulting artifact.
api/services/account_service.py	M03	V01	text_conflict	fork_backend_behavior	app/WebApp admission and account flow	Both sides changed backend code; inspect fork hooks and target service/admission signatures, then adapt where needed.
api/services/conversation_service.py	M04	V01	auto_merged_overlap	fork_backend_behavior	API, billing, runtime or associated test	Both sides changed backend code; inspect fork hooks and target service/admission signatures, then adapt where needed.
api/services/feature_service.py	M02	V01	text_conflict	fork_backend_behavior	backend foundation or workspace contract	Both sides changed backend code; inspect fork hooks and target service/admission signatures, then adapt where needed.
api/services/workspace_service.py	M02	V01	text_conflict	fork_backend_behavior	backend foundation or workspace contract	Both sides changed backend code; inspect fork hooks and target service/admission signatures, then adapt where needed.
api/tasks/delete_segment_from_index_task.py	M04	V01	auto_merged_overlap	fork_backend_behavior	API, billing, runtime or associated test	Both sides changed backend code; inspect fork hooks and target service/admission signatures, then adapt where needed.
api/tests/integration_tests/workflow/nodes/code_executor/test_code_javascript.py	M04	V01	text_conflict	test_alignment	API, billing, runtime or associated test	Both sides changed a test; verify current fork assertion against 1.17.1 API/UI before adapting.
api/tests/unit_tests/controllers/console/app/test_model_config_api.py	M04	V01	auto_merged_overlap	test_alignment	API, billing, runtime or associated test	Both sides changed a test; verify current fork assertion against 1.17.1 API/UI before adapting.
api/tests/unit_tests/controllers/console/datasets/test_datasets.py	M04	V01	auto_merged_overlap	test_alignment	API, billing, runtime or associated test	Both sides changed a test; verify current fork assertion against 1.17.1 API/UI before adapting.
api/tests/unit_tests/controllers/console/explore/test_installed_app.py	M04	V01	text_conflict	test_alignment	API, billing, runtime or associated test	Both sides changed a test; verify current fork assertion against 1.17.1 API/UI before adapting.
api/tests/unit_tests/controllers/console/explore/test_wraps.py	M04	V01	auto_merged_overlap	test_alignment	API, billing, runtime or associated test	Both sides changed a test; verify current fork assertion against 1.17.1 API/UI before adapting.
api/tests/unit_tests/controllers/console/tag/test_tags.py	M04	V01	text_conflict	test_alignment	API, billing, runtime or associated test	Both sides changed a test; verify current fork assertion against 1.17.1 API/UI before adapting.
api/tests/unit_tests/controllers/console/test_apikey.py	M04	V01	text_conflict	test_alignment	API, billing, runtime or associated test	Both sides changed a test; verify current fork assertion against 1.17.1 API/UI before adapting.
api/tests/unit_tests/controllers/console/test_feature.py	M02	V01	text_conflict	test_alignment	backend foundation or workspace contract	Both sides changed a test; verify current fork assertion against 1.17.1 API/UI before adapting.
api/tests/unit_tests/controllers/console/test_files.py	M02	V01	auto_merged_overlap	test_alignment	backend foundation or workspace contract	Both sides changed a test; verify current fork assertion against 1.17.1 API/UI before adapting.
api/tests/unit_tests/controllers/service_api/conftest.py	M04	V01	auto_merged_overlap	test_alignment	API, billing, runtime or associated test	Both sides changed a test; verify current fork assertion against 1.17.1 API/UI before adapting.
api/tests/unit_tests/controllers/service_api/test_wraps.py	M04	V01	auto_merged_overlap	test_alignment	API, billing, runtime or associated test	Both sides changed a test; verify current fork assertion against 1.17.1 API/UI before adapting.
api/tests/unit_tests/controllers/web/conftest.py	M04	V01	auto_merged_overlap	test_alignment	API, billing, runtime or associated test	Both sides changed a test; verify current fork assertion against 1.17.1 API/UI before adapting.
api/tests/unit_tests/core/app/apps/chat/test_app_generator_and_runner.py	M04	V01	text_conflict	test_alignment	API, billing, runtime or associated test	Both sides changed a test; verify current fork assertion against 1.17.1 API/UI before adapting.
api/tests/unit_tests/core/app/workflow/test_persistence_layer.py	M04	V01	text_conflict	test_alignment	API, billing, runtime or associated test	Both sides changed a test; verify current fork assertion against 1.17.1 API/UI before adapting.
api/tests/unit_tests/core/workflow/test_node_factory.py	M04	V01	auto_merged_overlap	test_alignment	API, billing, runtime or associated test	Both sides changed a test; verify current fork assertion against 1.17.1 API/UI before adapting.
api/tests/unit_tests/services/test_account_service.py	M03	V01	text_conflict	test_alignment	app/WebApp admission and account flow	Both sides changed a test; verify current fork assertion against 1.17.1 API/UI before adapting.
api/uv.lock	M01	M08	auto_merged_overlap	integration_configuration	toolchain or dependency manifest/lock	Both sides changed build, deploy, provisioning or dependency input; reconcile declarations and resulting artifact.
cli/scripts/e2e-provision.ts	M07	M08	auto_merged_overlap	integration_configuration	deployment, CI or CLI provisioning	Both sides changed build, deploy, provisioning or dependency input; reconcile declarations and resulting artifact.
cli/test/e2e/setup/global-setup.ts	M07	M08	auto_merged_overlap	test_alignment	deployment, CI or CLI provisioning	Both sides changed a test; verify current fork assertion against 1.17.1 API/UI before adapting.
docker/.env.example	M07	M08	text_conflict	integration_configuration	deployment, CI or CLI provisioning	Both sides changed build, deploy, provisioning or dependency input; reconcile declarations and resulting artifact.
docker/docker-compose.middleware.yaml	M07	M08	auto_merged_overlap	integration_configuration	deployment, CI or CLI provisioning	Both sides changed build, deploy, provisioning or dependency input; reconcile declarations and resulting artifact.
docker/envs/core-services/web.env.example	M07	M08	text_conflict	integration_configuration	deployment, CI or CLI provisioning	Both sides changed build, deploy, provisioning or dependency input; reconcile declarations and resulting artifact.
docker/nginx/conf.d/default.conf.template	M07	M08	text_conflict	integration_configuration	deployment, CI or CLI provisioning	Both sides changed build, deploy, provisioning or dependency input; reconcile declarations and resulting artifact.
oxlint-suppressions.json	M01	M08	text_conflict	other	toolchain or dependency manifest/lock	Both sides changed this path; review merged semantics.
pnpm-lock.yaml	M01	M08	text_conflict	other	toolchain or dependency manifest/lock	Both sides changed this path; review merged semantics.
pnpm-workspace.yaml	M01	M08	text_conflict	other	toolchain or dependency manifest/lock	Both sides changed this path; review merged semantics.
web/__tests__/embedded-user-id-auth.test.tsx	M06	V02	auto_merged_overlap	test_alignment	frontend business behavior and localization	Both sides changed a test; verify current fork assertion against 1.17.1 API/UI before adapting.
web/app/(shareLayout)/components/__tests__/authenticated-layout.spec.tsx	M06	V02	text_conflict	test_alignment	frontend business behavior and localization	Both sides changed a test; verify current fork assertion against 1.17.1 API/UI before adapting.
web/app/(shareLayout)/components/__tests__/splash.spec.tsx	M06	V02	auto_merged_overlap	test_alignment	frontend business behavior and localization	Both sides changed a test; verify current fork assertion against 1.17.1 API/UI before adapting.
web/app/(shareLayout)/components/authenticated-layout.tsx	M06	V02	text_conflict	fork_frontend_behavior	frontend business behavior and localization	Both sides changed frontend code; inspect fork route, auth, quota or UI behavior on the target component/transport.
web/app/(shareLayout)/webapp-signin/__tests__/page.spec.tsx	M06	V02	auto_merged_overlap	test_alignment	frontend business behavior and localization	Both sides changed a test; verify current fork assertion against 1.17.1 API/UI before adapting.
web/app/(shareLayout)/webapp-signin/components/__tests__/external-member-sso-auth.spec.tsx	M06	V02	auto_merged_overlap	test_alignment	frontend business behavior and localization	Both sides changed a test; verify current fork assertion against 1.17.1 API/UI before adapting.
web/app/(shareLayout)/webapp-signin/components/__tests__/sso-auth.spec.tsx	M06	V02	auto_merged_overlap	test_alignment	frontend business behavior and localization	Both sides changed a test; verify current fork assertion against 1.17.1 API/UI before adapting.
web/app/(shareLayout)/webapp-signin/normalForm.tsx	M06	V02	text_conflict	fork_frontend_behavior	frontend business behavior and localization	Both sides changed frontend code; inspect fork route, auth, quota or UI behavior on the target component/transport.
web/app/(shareLayout)/webapp-signin/page.tsx	M06	V02	text_conflict	fork_frontend_behavior	frontend business behavior and localization	Both sides changed frontend code; inspect fork route, auth, quota or UI behavior on the target component/transport.
web/app/components/app/configuration/__tests__/configuration-view.spec.tsx	M06	V02	auto_merged_overlap	test_alignment	frontend business behavior and localization	Both sides changed a test; verify current fork assertion against 1.17.1 API/UI before adapting.
web/app/components/app/configuration/config/index.tsx	M06	V02	auto_merged_overlap	fork_frontend_behavior	frontend business behavior and localization	Both sides changed frontend code; inspect fork route, auth, quota or UI behavior on the target component/transport.
web/app/components/app/configuration/debug/__tests__/index.spec.tsx	M06	V02	auto_merged_overlap	test_alignment	frontend business behavior and localization	Both sides changed a test; verify current fork assertion against 1.17.1 API/UI before adapting.
web/app/components/app/configuration/hooks/use-configuration-utils.ts	M06	V02	text_conflict	fork_frontend_behavior	frontend business behavior and localization	Both sides changed frontend code; inspect fork route, auth, quota or UI behavior on the target component/transport.
web/app/components/app/configuration/hooks/use-configuration.ts	M06	V02	text_conflict	fork_frontend_behavior	frontend business behavior and localization	Both sides changed frontend code; inspect fork route, auth, quota or UI behavior on the target component/transport.
web/app/components/app/overview/__tests__/app-card.spec.tsx	M06	V02	text_conflict	test_alignment	frontend business behavior and localization	Both sides changed a test; verify current fork assertion against 1.17.1 API/UI before adapting.
web/app/components/app/overview/app-card-sections.tsx	M06	V02	text_conflict	fork_frontend_behavior	frontend business behavior and localization	Both sides changed frontend code; inspect fork route, auth, quota or UI behavior on the target component/transport.
web/app/components/app/overview/app-card.tsx	M06	V02	text_conflict	fork_frontend_behavior	frontend business behavior and localization	Both sides changed frontend code; inspect fork route, auth, quota or UI behavior on the target component/transport.
web/app/components/app/overview/app-chart.tsx	M06	V02	auto_merged_overlap	fork_frontend_behavior	frontend business behavior and localization	Both sides changed frontend code; inspect fork route, auth, quota or UI behavior on the target component/transport.
web/app/components/apps/__tests__/app-card.spec.tsx	M06	V02	text_conflict	test_alignment	frontend business behavior and localization	Both sides changed a test; verify current fork assertion against 1.17.1 API/UI before adapting.
web/app/components/apps/app-card.tsx	M06	V02	text_conflict	fork_frontend_behavior	frontend business behavior and localization	Both sides changed frontend code; inspect fork route, auth, quota or UI behavior on the target component/transport.
web/app/components/apps/list.tsx	M06	V02	text_conflict	fork_frontend_behavior	frontend business behavior and localization	Both sides changed frontend code; inspect fork route, auth, quota or UI behavior on the target component/transport.
web/app/components/base/chat/chat/index.tsx	M06	V02	text_conflict	fork_frontend_behavior	frontend business behavior and localization	Both sides changed frontend code; inspect fork route, auth, quota or UI behavior on the target component/transport.
web/app/components/develop/__tests__/ApiServer.spec.tsx	M06	V02	text_conflict	test_alignment	frontend business behavior and localization	Both sides changed a test; verify current fork assertion against 1.17.1 API/UI before adapting.
web/app/components/develop/secret-key/__tests__/secret-key-button.spec.tsx	M06	V02	text_conflict	test_alignment	frontend business behavior and localization	Both sides changed a test; verify current fork assertion against 1.17.1 API/UI before adapting.
web/app/components/develop/secret-key/__tests__/secret-key-modal.spec.tsx	M06	V02	text_conflict	test_alignment	frontend business behavior and localization	Both sides changed a test; verify current fork assertion against 1.17.1 API/UI before adapting.
web/app/components/develop/secret-key/secret-key-button.tsx	M06	V02	text_conflict	fork_frontend_behavior	frontend business behavior and localization	Both sides changed frontend code; inspect fork route, auth, quota or UI behavior on the target component/transport.
web/app/components/develop/secret-key/secret-key-modal.tsx	M06	V02	text_conflict	fork_frontend_behavior	frontend business behavior and localization	Both sides changed frontend code; inspect fork route, auth, quota or UI behavior on the target component/transport.
web/app/components/develop/secret-key/style.module.css	M06	V02	text_conflict	fork_frontend_behavior	frontend business behavior and localization	Both sides changed frontend code; inspect fork route, auth, quota or UI behavior on the target component/transport.
web/app/components/explore/__tests__/index.spec.tsx	M06	V02	text_conflict	test_alignment	frontend business behavior and localization	Both sides changed a test; verify current fork assertion against 1.17.1 API/UI before adapting.
web/app/components/explore/app-list/__tests__/index.spec.tsx	M06	V02	text_conflict	test_alignment	frontend business behavior and localization	Both sides changed a test; verify current fork assertion against 1.17.1 API/UI before adapting.
web/app/components/explore/app-list/index.tsx	M06	V02	text_conflict	fork_frontend_behavior	frontend business behavior and localization	Both sides changed frontend code; inspect fork route, auth, quota or UI behavior on the target component/transport.
web/app/components/explore/sidebar/__tests__/index.spec.tsx	M06	V02	text_conflict	test_alignment	frontend business behavior and localization	Both sides changed a test; verify current fork assertion against 1.17.1 API/UI before adapting.
web/app/components/explore/sidebar/index.tsx	M06	V02	text_conflict	fork_frontend_behavior	frontend business behavior and localization	Both sides changed frontend code; inspect fork route, auth, quota or UI behavior on the target component/transport.
web/app/components/header/account-setting/index.tsx	M06	V02	text_conflict	fork_frontend_behavior	frontend business behavior and localization	Both sides changed frontend code; inspect fork route, auth, quota or UI behavior on the target component/transport.
web/app/components/main-nav/__tests__/index.spec.tsx	M06	V02	text_conflict	test_alignment	frontend business behavior and localization	Both sides changed a test; verify current fork assertion against 1.17.1 API/UI before adapting.
web/app/components/main-nav/index.tsx	M06	V02	text_conflict	fork_frontend_behavior	frontend business behavior and localization	Both sides changed frontend code; inspect fork route, auth, quota or UI behavior on the target component/transport.
web/app/components/main-nav/routes.ts	M06	V02	text_conflict	fork_frontend_behavior	frontend business behavior and localization	Both sides changed frontend code; inspect fork route, auth, quota or UI behavior on the target component/transport.
web/app/signin/__tests__/normal-form.spec.tsx	M06	V02	auto_merged_overlap	test_alignment	frontend business behavior and localization	Both sides changed a test; verify current fork assertion against 1.17.1 API/UI before adapting.
web/app/signin/check-code/__tests__/page.spec.tsx	M06	V02	auto_merged_overlap	test_alignment	frontend business behavior and localization	Both sides changed a test; verify current fork assertion against 1.17.1 API/UI before adapting.
web/app/signin/invite-settings/__tests__/page.spec.tsx	M06	V02	auto_merged_overlap	test_alignment	frontend business behavior and localization	Both sides changed a test; verify current fork assertion against 1.17.1 API/UI before adapting.
web/app/signin/normal-form.tsx	M06	V02	text_conflict	fork_frontend_behavior	frontend business behavior and localization	Both sides changed frontend code; inspect fork route, auth, quota or UI behavior on the target component/transport.
web/app/signin/utils/__tests__/post-login-redirect.spec.ts	M06	V02	auto_merged_overlap	test_alignment	frontend business behavior and localization	Both sides changed a test; verify current fork assertion against 1.17.1 API/UI before adapting.
web/app/signup/set-password/__tests__/page.spec.tsx	M06	V02	auto_merged_overlap	test_alignment	frontend business behavior and localization	Both sides changed a test; verify current fork assertion against 1.17.1 API/UI before adapting.
web/context/app-context-normalizers.ts	M05	V02	text_conflict	fork_frontend_behavior	Console transport and data contract	Both sides changed frontend code; inspect fork route, auth, quota or UI behavior on the target component/transport.
web/context/debug-configuration.ts	M06	V02	auto_merged_overlap	fork_frontend_behavior	frontend business behavior and localization	Both sides changed frontend code; inspect fork route, auth, quota or UI behavior on the target component/transport.
web/features/system-features/__tests__/system-features.spec.ts	M05	V02	text_conflict	test_alignment	Console transport and data contract	Both sides changed a test; verify current fork assertion against 1.17.1 API/UI before adapting.
web/features/system-features/client.ts	M05	V02	text_conflict	fork_frontend_behavior	Console transport and data contract	Both sides changed frontend code; inspect fork route, auth, quota or UI behavior on the target component/transport.
web/features/system-features/server.ts	M05	V02	text_conflict	fork_frontend_behavior	Console transport and data contract	Both sides changed frontend code; inspect fork route, auth, quota or UI behavior on the target component/transport.
web/i18n-config/resources.ts	M06	V02	auto_merged_overlap	fork_frontend_behavior	frontend business behavior and localization	Both sides changed frontend code; inspect fork route, auth, quota or UI behavior on the target component/transport.
web/i18n/uk-UA/plugin-tags.json	M06	V02	text_conflict	fork_frontend_behavior	frontend business behavior and localization	Both sides changed frontend code; inspect fork route, auth, quota or UI behavior on the target component/transport.
web/models/app.ts	M06	V02	text_conflict	fork_frontend_behavior	frontend business behavior and localization	Both sides changed frontend code; inspect fork route, auth, quota or UI behavior on the target component/transport.
web/models/common.ts	M05	V02	text_conflict	fork_frontend_behavior	Console transport and data contract	Both sides changed frontend code; inspect fork route, auth, quota or UI behavior on the target component/transport.
web/models/explore.ts	M06	V02	auto_merged_overlap	fork_frontend_behavior	frontend business behavior and localization	Both sides changed frontend code; inspect fork route, auth, quota or UI behavior on the target component/transport.
web/next.config.ts	M01	V02	text_conflict	fork_frontend_behavior	toolchain or dependency manifest/lock	Both sides changed frontend code; inspect fork route, auth, quota or UI behavior on the target component/transport.
web/package.json	M01	V02	text_conflict	fork_frontend_behavior	toolchain or dependency manifest/lock	Both sides changed frontend code; inspect fork route, auth, quota or UI behavior on the target component/transport.
web/service/apps.ts	M06	V02	text_conflict	fork_frontend_behavior	frontend business behavior and localization	Both sides changed frontend code; inspect fork route, auth, quota or UI behavior on the target component/transport.
web/service/base.ts	M05	V02	auto_merged_overlap	fork_frontend_behavior	Console transport and data contract	Both sides changed frontend code; inspect fork route, auth, quota or UI behavior on the target component/transport.
web/service/client.ts	M05	V02	text_conflict	fork_frontend_behavior	Console transport and data contract	Both sides changed frontend code; inspect fork route, auth, quota or UI behavior on the target component/transport.
web/service/console-router-loader.ts	M05	V02	text_conflict	fork_frontend_behavior	Console transport and data contract	Both sides changed frontend code; inspect fork route, auth, quota or UI behavior on the target component/transport.
web/service/explore.ts	M06	V02	text_conflict	fork_frontend_behavior	frontend business behavior and localization	Both sides changed frontend code; inspect fork route, auth, quota or UI behavior on the target component/transport.
web/service/use-explore.ts	M06	V02	text_conflict	fork_frontend_behavior	frontend business behavior and localization	Both sides changed frontend code; inspect fork route, auth, quota or UI behavior on the target component/transport.
web/service/webapp-auth.ts	M06	V02	text_conflict	fork_frontend_behavior	frontend business behavior and localization	Both sides changed frontend code; inspect fork route, auth, quota or UI behavior on the target component/transport.
web/types/app.ts	M06	V02	auto_merged_overlap	fork_frontend_behavior	frontend business behavior and localization	Both sides changed frontend code; inspect fork route, auth, quota or UI behavior on the target component/transport.
web/utils/__tests__/login-redirect.spec.ts	M06	V02	auto_merged_overlap	test_alignment	frontend business behavior and localization	Both sides changed a test; verify current fork assertion against 1.17.1 API/UI before adapting.
web/features/home/template-card.tsx	M06	V02	text_conflict	fork_frontend_behavior	frontend business UI, route, WebApp or localization	M00 chose the upstream blob for the active HomeContent template card; verify the current HomeContent import and fork host behavior in V02.
